label,nodes
"steroid dehydrogenase activity, acting on the CH-OH group of donors, NAD or NADP as acceptor",ERG26;GRE2
histone H3T3 kinase activity,ALK1;ALK2
cargo receptor activity,COS7;ERV14;ERV29;SVP26
poly-purine tract binding,MIP6;MTR4;NAB2;NPL3;PAB1;PAN3;PES4;SGN1;TPA1
DNA strand exchange activity,DMC1;MHR1;RAD51;RAD52;RAD57
"transferase activity, transferring alkyl or aryl (other than methyl) groups",ARO1;ARO3;ARO4;BET2;BET4;BTS1;CDC43;COQ1;COQ2;COX10;DPH1;DPH2;DYS1;ECM4;ECM9;ERG20;ERG9;FOL1;GRX1;GRX2;GRX4;GTO1;GTO3;GTT1;GTT2;HEM3;HSU1;MCY1;MET17;MOD5;MRS6;NUS1;PAD1;RAM1;RAM2;RER2;RIB4;RIB5;SAM1;SAM2;SPE3;SPE4;SRT1;STR2;THI6;TRM12;TSR3;YML082W
1-acylglycerophosphocholine O-acyltransferase activity,ALE1;SLC1;TAZ1
RNA lariat debranching enzyme activity,DBR1;DRN1
NAD transmembrane transporter activity,YEA6;YIA6
Rho GDP-dissociation inhibitor activity,PXL1;RDI1
RNA polymerase II general transcription initiation factor binding,ADR1;BDF1;BDF2;GAL11;MED11;RAP1;RGR1;SRB2;TAF1;TFA1;TFA2;TFG1
CoA hydrolase activity,ACH1;ATF1;EAT1;EHD3;TES1
chorismate mutase activity,ARO7;PHA2
voltage-gated monoatomic ion channel activity,CCH1;GEF1;POR1;POR2;TOK1;YVC1
protein geranylgeranyltransferase activity,BET2;BET4;CDC43;ECM9;MRS6;RAM2
potassium ion transmembrane transporter activity,ENA1;ENA2;ENA5;KCH1;KHA1;NHA1;NHX1;PRM6;TOK1;TRK1;TRK2;VCX1;VHC1;VNX1;YVC1
protein methyltransferase activity,BRE2;CTM1;DOT1;EFM1;EFM2;EFM3;EFM4;EFM5;EFM6;HMT1;HSL7;MTQ1;MTQ2;NNT1;NOP1;PPM1;RKM1;RKM2;RKM3;RKM4;RMT2;SDC1;SET1;SET2;SFM1;SHG1;SPP1;STE14;SWD1;SWD2;SWD3;TAE1;TRM112;YKL162C;YMR265C
"oxidoreductase activity, acting on the CH-CH group of donors",DFG10;DUS1;DUS3;DUS4;ERG24;ERG4;ETR1;FAS1;FRD1;HEM13;HEM14;MET8;OSM1;POX1;SDH1;SDH2;SDH3;SDH4;SDH9;SHH3;SHH4;SMM1;SPS19;TIM18;TSC13;TYR1;URA1;YML131W;ZTA1
oxaloacetate transmembrane transporter activity,DIC1;OAC1
ATP:ADP antiporter activity,AAC1;AAC3;ODC1;ODC2;PET9;SAL1
double-stranded telomeric DNA binding,MRE11;NPL3;RAD50;TBF1;XRS2
protein phosphatase inhibitor activity,GLC8;ICE2;IGO1;IGO2;NET1;SDS22;SDS23;SDS24;SIS2;VHS3;YPI1;ZDS1
monocarboxylic acid binding,GCV3;POX1;PRY1
"1,3-beta-D-glucan synthase activity",FKS1;FKS3;GSC2;RHO1
TBP-class protein binding,BRF1;BUR6;MED8;MOT1;NCB2;RAP1;RRN11;RRN7;RRN9;SPT8;SUA7;TAF1;TAF12;TOA1;TOA2
S-acetyltransferase activity,FAS1;LAT1;PDX1
palmitoyl-(protein) hydrolase activity,TML25;YNL320W
thioredoxin-dependent peroxiredoxin activity,AHP1;DOT5;GPX1;GPX2;HYR1;PRX1;TSA1;TSA2
large ribosomal subunit rRNA binding,CIC1;ERB1;MRH4;MRPL19;MRPL38;MRT4;NMD3;NOG2;NOP4;NOP7;PUF6;RPL12A;RPL12B;RPL23A;RPL23B;RPP0;SDO1
ABC-type transporter activity,ADP1;ATM1;AUS1;BPT1;ENA1;ENA2;ENA5;MDL1;MDL2;NFT1;PDR10;PDR11;PDR12;PDR15;PDR18;PDR5;PXA1;PXA2;SNQ2;STE6;VMR1;YBT1;YCF1;YOL075C;YOR1
peptide crotonyltransferase activity,ESA1;GCN5
poly-pyrimidine tract binding,MIP6;MPP6;MUD2;PAB1;PES4;PUB1;RRP5;SMX3
FMN binding,ARO2;CAB3;FRD1;GLT1;LOT6;MET10;MET5;NCP1;OSM1;OYE2;OYE3;PDX3;PST2;RFS1;SIS2;TAH18;TYW1;VHS3;YCP4;YGR017W
phospholipid transfer activity,CSR1;MDM35;PDR16;PDR17;SEC14;SFH5;UPS1;UPS2;UPS3;VPS13
peroxiredoxin activity,AHP1;DOT5;GPX1;GPX2;HYR1;PRX1;PXP2;TSA1;TSA2
dipeptidase activity,DUG1;DUG2
sulfuric ester hydrolase activity,BDS1;MCD4
alpha-glucosidase activity,GDB1;GTB1;IMA1;IMA2;IMA3;IMA4;IMA5;MAL12;MAL22;MAL32;MAL42;MAL62;ROT2;SUC2
protein-arginine N-methyltransferase activity,HMT1;HSL7;RMT2;SFM1;YKL162C
histone H3K9 demethylase activity,GIS1;RPH1
alcohol transmembrane transporter activity,FLR1;HNM1;HOL1
carboxyl- or carbamoyltransferase activity,ARG3;CAR1;CPA2;URA2
glyoxylate reductase (NADP+) activity,GOR1;YGL185C;YPL113C
"oxidoreductase activity, acting on the CH-NH group of donors",ADE3;AIF1;ARO2;CIR2;DFR1;FMS1;LOT6;LYS1;LYS9;MET12;MET13;MIS1;MTD1;PRO3;PUT1
GDP phosphatase activity,GDA1;YND1
protein phosphorylated amino acid binding,BMH1;BMH2;CDC4;CDC73;CTR9;LEO1;PAF1;RTF1;RTT103
cyclin-dependent protein serine/threonine kinase activator activity,BUR2;CKS1;CTK2;TFB3
peptidase activator activity,BLM10;BRO1;PRE1;PUP3
carbohydrate:monoatomic cation symporter activity,GAL2;HXT1;HXT10;HXT11;HXT13;HXT14;HXT15;HXT16;HXT17;HXT2;HXT3;HXT4;HXT5;HXT6;HXT7;HXT8;HXT9;MAL11;MAL31;MPH2;MPH3;RGT2;SNF3;STL1;YDL199C
carboxy-lyase activity,ADE2;ARO10;CAB3;FDC1;GAD1;HEM12;MAE1;MVD1;OAZ1;PAD1;PCK1;PDC1;PDC5;PDC6;PSD1;PSD2;PXP1;SIS2;SPE1;SPE2;THI3;TRP3;URA3;VHS3;YER010C
mRNA cap binding,ABD1;CAF20;CDC33;DCP1;DCP2;EDC1;STO1
citrate secondary active transmembrane transporter activity,CTP1;MRX20
RNA polymerase I transcription regulatory region sequence-specific DNA binding,RRN10;RRN11;RRN6;RRN7;TRI1;UAF30
azole transmembrane transporter activity,AVT5;AVT6;AVT7;AZR1;FLR1;HIP1;NRT1;THI7;THI72;TPC1
carbohydrate kinase activity,EMI2;FBP26;GAL1;GAL3;GLK1;HXK1;HXK2;MPA43;NGK1;PFK1;PFK2;PFK26;PFK27;RBK1;XKS1;YDR109C;YLR345W
calmodulin binding,ARC35;CLC1;CMK1;CMK2;CMP2;CNA1;HOG1;IQG1;MYO2;MYO4;NNK1;RCK1;RCK2;RVS167;SPC110;SSB1;SSE1;SSE2;TDA1;VTC2;VTC3;VTC4
ferric-chelate reductase activity,AIM14;FRE1;FRE2;FRE3;FRE4;FRE5;FRE6;FRE7;FRE8
nuclear import signal receptor activity,CRM1;KAP104;KAP114;KAP120;KAP122;KAP123;KAP95;NMD5;NTF2;OPI10;PSE1;RTT105;SRP1;SXM1
fluoride transmembrane transporter activity,FEX1;FEX2
"oxidoreductase activity, acting on the CH-NH group of donors, NAD or NADP as acceptor",ADE3;ARO2;DFR1;LOT6;LYS1;LYS9;MET12;MET13;MIS1;MTD1;PRO3
oxidoreduction-driven active transmembrane transporter activity,AI2;AI3;AI4;AI5_ALPHA;BI2;BI3;BI4;COB;COR1;COX1;COX12;COX13;COX2;COX3;COX4;COX5A;COX5B;COX6;COX7;COX8;COX9;CYT1;NDI1;QCR10;QCR2;QCR6;QCR7;QCR8;QCR9;RIP1
DNA-binding transcription factor binding,ADR1;BMH1;CBF1;CIN5;CTR9;CUP9;FKH2;GAL11;GAL4;GAL80;GCN4;GCR2;GRX3;GRX4;GTS1;HAP4;LEO1;MCM1;MED2;MET28;MET32;MOT3;NRG1;NRM1;PGD1;RAP1;RGR1;RPA12;RTG3;SFL1;SIN4;SKO1;SNF2;SNF5;SPN1;SPT15;SRB4;SRB7;SUT1;SWI1;TAF12;TAF4;TAF6;THI3;UME6;WHI5;YBP1
C-acyltransferase activity,EAT1;ERF2;ERG10;FAS1;FAS2;LCB1;LCB2;ORM1;ORM2;POT1;SAC1;SHR5;TSC3
ubiquitin-protein transferase activator activity,AMA1;CDC20;CDH1;CUE1;PEX12;PEX22
protein phosphatase regulator activity,BUD14;CDC48;CDC55;CNB1;GAC1;GIP1;GIP2;GIP3;GIP4;GLC8;ICE2;IGO1;IGO2;NET1;PIG1;PIG2;PSY2;PSY4;PTC5;PTC6;RCN1;REG1;REG2;RRD1;RRD2;RTS1;SAP155;SAP185;SAP190;SAP4;SDS22;SDS23;SDS24;SHP1;SIS2;SPO7;TFG1;TPD3;VHS3;YPI1;ZDS1
calcium-dependent protein serine/threonine phosphatase activity,CMP2;CNA1;CNB1;RCN1
"proton-transporting ATP synthase activity, rotational mechanism",ATP1;ATP14;ATP15;ATP16;ATP17;ATP18;ATP19;ATP2;ATP20;ATP3;ATP4;ATP5;ATP6;ATP7;ATP8;OLI1;TIM11;VMA1
protein phosphatase binding,CSS1;GAC1;GIP1;GIP2;GIP3;GIP4;PIG1;PIG2;RCN1;SAP155;SAP185;SAP190;SAP4;SCD5;TAP42;WHI2;YPI1
"hydrolase activity, acting on ether bonds",LAP2;YNR064C
snRNA binding,BRR1;CRM1;CUS2;CWC2;ECM2;LEA1;LSM4;MEX67;MSL1;MUD1;PRP24;PRP4;PRP8;RIM4;RSE1;SNP1;SNR14;SNR6;SNR81;SNU114;SNU13;SPT5;YHC1
diphosphoinositol-polyphosphate diphosphatase activity,DDP1;OCA2;SIW14;VIP1
"oxidoreductase activity, acting on NAD(P)H, oxygen as acceptor",AIM14;FRE7;IRC24;NRE1
phosphatidylserine binding,ADA2;CCZ1;MGM1;MON1;NPC2;VPS501
aromatic-amino-acid:2-oxoglutarate aminotransferase activity,ARO8;ARO9
lysophospholipase activity,FSH1;LPL1;NTE1;PLB1;PLB2;PLB3
L-serine ammonia-lyase activity,CHA1;ILV1;SDL1;SRY1
protein carrier chaperone,COX18;GET1;GET2;OXA1;PEX5;RTT105;SPT2;SWC3;VPS72
ferric-chelate reductase (NADPH) activity,FRE1;FRE2;FRE3;FRE4;FRE5;FRE6;FRE7
glycosylceramide flippase activity,DNF1;DNF2
zinc ion transmembrane transporter activity,ATX2;COT1;MSC2;YKE4;ZRC1;ZRG17;ZRT1;ZRT2;ZRT3
S-acyltransferase activity,AKR1;AKR2;ERF2;FAS1;IRC15;KGD1;KGD2;KGD4;LAT1;LPD1;MCT1;PDX1;PFA3;PFA4;PFA5;SWF1
NAD+ binding,HST1;HST2;HST3;HST4;SIR2;TYR1
L-histidine transmembrane transporter activity,AVT5;AVT6;AVT7;HIP1
nucleotide-sugar transmembrane transporter activity,HUT1;HVG1;VRG4;YEA4;YMD8
exopolyphosphatase activity,PPN1;PPX1
calcium channel activity,CCH1;CSG2;MID1;YVC1
eukaryotic initiation factor 4G binding,DED1;NPL3;SBP1;SCD6;XRN1
"glucan endo-1,3-beta-D-glucosidase activity",ACF2;BGL2;DSE4;SCW10;SCW11;SCW4
purine-nucleoside phosphorylase activity,MEU1;PNP1
tRNA 2'-O-methyltransferase activity,TRM13;TRM3;TRM44;TRM7
aminophospholipid flippase activity,CDC50;DNF2;DNF3;DRS2;LEM3
RNA cap binding,ABD1;CAF20;CBC2;CDC33;DCP1;DCP2;DCS1;DCS2;EDC1;LSM1;STO1;TIF1;TIF2;TIF4631;TIF4632
acidic amino acid transmembrane transporter activity,AGC1;AVT5;AVT6;AVT7;ODC1;ODC2
clathrin heavy chain binding,CLC1;YAP1801;YAP1802
intramolecular phosphotransferase activity,DOG1;DOG2;GPM1;GPM2;GPM3;GPP1;GPP2;PCM1;PGM1;PGM2;PRM15;SEC53
glutathione hydrolase activity,DUG2;DUG3;ECM38
transcription elongation factor activity,TEN1;ULP2
histone H3 demethylase activity,GIS1;JHD1;JHD2;RPH1
protein serine/threonine/tyrosine kinase activity,KNS1;MCK1;MKK1;MKK2;MPS1;MRK1;PBS2;RAD53;RIM11;STE7;YAK1
protein-arginine omega-N monomethyltransferase activity,HMT1;HSL7;SFM1
pentosyltransferase activity,ADE4;APT1;APT2;BNA6;DUG3;FUR1;HIS1;HIS7;HPT1;MEU1;PNP1;RIT1;THI4;TRP4;URA10;URA5;XPT1
U3 snoRNA binding,BMS1;BUD21;CDC4;DIP2;NAN1;NOP14;RRP5;RRP9;SNU13;TSR1;UTP10;UTP13;UTP15;UTP25;UTP6;UTP8;UTP9
nucleosome binding,ARP10;ARP6;DPB4;HHO1;HIR1;HIR2;HIR3;HPC2;IOC2;IOC3;ISW1;ISW2;NHP6A;ORC1;POB3;RAP1;RTT106;SCM3;SFH1;SIR2;SIR3;SIR4;SNF2;SPT16;SPT6;VPS71
(3R)-hydroxyacyl-[acyl-carrier-protein] dehydratase activity,FAS1;HTD2
cysteine-type carboxypeptidase activity,MIY2;YGL082W
ATPase-coupled intramembrane lipid transporter activity,CDC50;DNF1;DNF2;DNF3;DRS2;LEM3;NEO1
magnesium ion transmembrane transporter activity,ALR1;ALR2;MFM1;MME1;MNR2;MRS2
pentose transmembrane transporter activity,HXT1;HXT2;HXT4;HXT7
5'-3' RNA exonuclease activity,DXO1;LAS1;RAT1;RRP17;XRN1;YSH1
nuclear localization sequence binding,ETP1;KAP104;KAP120;KAP123;KAP95;MTR10;NSR1;NUP1;NUP100;NUP116;NUP145;NUP49;PSE1;SRP1
RNA polymerase III cis-regulatory region sequence-specific DNA binding,BRF1;PZF1;TFC1;TFC3;TFC4;TFC6;TFC7;TFC8
L-aspartate transmembrane transporter activity,AGC1;AVT6;ODC1;ODC2
lipid kinase activity,ARG82;ATG14;ATG18;ATG38;DGK1;FAB1;FIG4;LCB4;LCB5;LSB6;MSS4;PIK1;STT4;TIM54;TOR2;VAC14;VAC7;VPS15;VPS30;VPS34;VPS38
SNAP receptor activity,BET1;BOS1;GOS1;NYV1;PEP12;SEC20;SEC22;SEC9;SED5;SFT1;SNC1;SNC2;SPO20;SSO1;SSO2;SYN8;TLG1;TLG2;UFE1;USE1;VAM3;VAM7;VTI1;YKT6
1-phosphatidylinositol 4-kinase activity,LSB6;PIK1;STT4;TOR2
saccharopine dehydrogenase activity,LYS1;LYS9
enoyl-[acyl-carrier-protein] reductase activity,ETR1;FAS1
peptidase regulator activity,BLM10;BRO1;PAI3;PBI2;PRE1;PUP3;RFU1;TFS1;YHR138C;YLR179C
eukaryotic initiation factor eIF2 binding,IMT1;IMT2;IMT3;IMT4;TIF5;YNCC0008W
acyl-CoA hydrolase activity,ATF1;TES1
sucrose alpha-glucosidase activity,IMA1;IMA2;IMA3;IMA4;IMA5;MAL12;MAL32;SUC2
phosphatidate cytidylyltransferase activity,CDS1;TAM41
glutamine-fructose-6-phosphate transaminase (isomerizing) activity,GFA1;YMR084W;YMR085W
copper chaperone activity,ATX1;CCS1;COX17;SCO1;SCO2
sequence-specific single stranded DNA binding,CDC13;GBP2;IMP4;MRE11;NSR1;RAD50;STN1;SUA5;TEN1;XRS2
rRNA (uridine) methyltransferase activity,BMT5;BMT6;MRM2;SPB1
telomerase inhibitor activity,CDC13;PIF1;PXR1
P-type cadmium transporter activity,PCA1;YCF1
ribonucleoside binding,RET1;RPA135;RPB2
amide transmembrane transporter activity,AGC1;AVT5;AVT6;AVT7;DAL4;DAL5;DUR3;FEN2;FLX1;MDL1;MDL2;NRT1;ODC1;ODC2;OPT1;OPT2;PTR2;SEC61;SEO1;STE6;THI7;THI72;VHT1;YBR219C;YBR220C;YGL114W
potassium channel activity,TOK1;YVC1
alkaline phosphatase activity,PHO13;PHO8
histone chaperone activity,SPT2;SWC3;VPS72
amine transmembrane transporter activity,DTR1;HNM1
uridylyltransferase activity,GAL7;QRI1;UGP1;YHL012W
C4-dicarboxylate transmembrane transporter activity,AGC1;AVT6;DIC1;OAC1;ODC1;ODC2;SFC1
RNA polymerase II C-terminal domain phosphoserine binding,CDC73;CTR9;LEO1;PAF1;RTF1;RTT103
RNA-DNA hybrid ribonuclease activity,RNH1;RNH201;RNH202;RNH203;YAR009C;YBL005W-B;YBL100W-B;YBR012W-B;YCL019W;YDR034C-D;YDR098C-B;YDR210C-D;YDR210W-B;YDR261C-D;YDR261W-B;YDR316W-B;YDR365W-B;YER138C;YER160C;YFL002W-A;YGR027W-B;YGR038C-B;YGR109W-B;YGR161C-D;YGR161W-B;YHL009W-B;YHR214C-B;YIL082W-A;YJL113W;YJR027W;YJR029W;YLR035C-A;YLR157C-B;YLR227W-B;YLR410W-B;YML039W;YML045W;YMR045C;YMR050C;YNL054W-B;YNL284C-B;YOL103W-B;YOR142W-B;YOR192C-B;YOR343W-B;YPL060C-A;YPL257W-B;YPR137C-B;YPR158C-D;YPR158W-B
vitamin transmembrane transporter activity,FEN2;FLX1;MCH5;THI7;TPC1;TPN1;VHT1
intramolecular lyase activity,AIM18;AIM46;INO1
pre-mRNA 3'-splice site binding,MUD2;SLU7
GTPase binding,AMN1;BCH1;BNI1;BNR1;BPH1;CHS5;CRM1;CSE1;DCK1;EXO70;GIC1;GIC2;KAP114;KAP120;KAP123;KAP95;LAS17;LOS1;MOG1;MRS6;MTR10;MUK1;MYO2;NMD5;NTF2;NUP2;RNA1;RUD3;SEC15;SEC3;SRO7;STE4;SXM1;VAM6;VPS41;VPS8;VPS9;YIP4;YIP5;YPR089W;YRB1
FFAT motif binding,SCS2;SCS22
protein folding chaperone,BCP1;CCT2;CCT3;CCT4;CCT5;CCT6;CCT7;CCT8;DFM1;ECM10;FPR1;GET3;GIM4;HSC82;HSM3;HSP10;HSP31;HSP32;HSP33;HSP60;HSP82;KAR2;LHS1;LOC1;MZM1;NAS6;PFD1;PUF6;RPN14;SDH8;SSA1;SSA2;SSA3;SSA4;SSB1;SSB2;SSC1;SSE1;SSE2;SSQ1;SSZ1;TCM62;TCP1
carbohydrate binding,AMS1;ATH1;CNE1;EMI2;EMP46;EMP47;FLO1;FLO10;FLO5;FLO9;GAC1;GAL10;GIP2;GLK1;GNA1;GPR1;HXK1;HXK2;MNL1;NGK1;PFK1;PFK2;PGI1;PIG1;PIG2;RGT2;ROT2;SNF3;TPA1;UIP5;YHR210C;YMR099C;YNR071C;YOS9
protein-disulfide reductase activity,EPS1;ERO1;ERV1;ERV2;EUG1;MIA40;MPD1;MPD2;OST3;OST6;PDI1;TRX1;TRX2;YBP1
"oxidoreductase activity, acting on single donors with incorporation of molecular oxygen, incorporation of two atoms of oxygen",ADI1;BNA1;BNA2;MPO1
"hydrolase activity, hydrolyzing N-glycosyl compounds",LOG1;MAG1;NTG1;NTG2;OGG1;PNP1;POA1;UNG1;URH1
ribonuclease P activity,POP1;POP3;POP4;POP5;POP6;POP7;POP8;RPM1;RPM2;RPP1;RPR1;RPR2;SNM1
L-iditol 2-dehydrogenase activity,SOR1;SOR2;XYL2
tetrapyrrole binding,AI2;AI3;AI4;AI5_ALPHA;AIM18;AIM46;BNA2;CCP1;COX1;CTA1;CTT1;CYB2;CYB5;CYC1;CYC7;CYT1;DAP1;DIT2;ERG11;ERG5;IRC21;MET5;OLE1;SCS7;SDH4;SFH5;SHH4;TDH3;YHB1;YNL234W
hydroxymethylfurfural reductase (NADH) activity,ADH6;SFA1
acetylation-dependent protein binding,BDF1;BDF2;BLM10;GCN5;RSC4;SNF2;STH1
metalloendopeptidase activity,AFG3;ATP23;AXL1;COR1;CYM1;MAS1;MAS2;OCT1;OMA1;PRD1;QCR2;RCE1;RRI1;STE23;STE24;WSS1;YME1;YTA12
phosphatidylinositol bisphosphate binding,ARC1;ATG18;ATG21;AVO1;EGD2;ENT3;ENT5;EXO70;GIC2;HSV2;KES1;MGM1;NUM1;OPY1;OSH6;PFY1;PMP3;RGD1;ROM2;SEC3;SLA2;SLM1;SPO20;SSO1;STE5;TUP1;VPH1;YAP1801;YAP1802
8-amino-7-oxononanoate synthase activity,BIO6;BIO8
ferrous iron transmembrane transporter activity,CCC1;FTH1;FTR1;MRS3;MRS4
carbonyl reductase (NADPH) activity,ARI1;ORA1;YGL039W;YPR1
protein-lysine N-methyltransferase activity,BRE2;CTM1;DOT1;EFM1;EFM2;EFM3;EFM4;EFM5;EFM6;NNT1;RKM1;RKM2;RKM3;RKM4;SDC1;SET1;SET2;SHG1;SPP1;SWD1;SWD2;SWD3
"2 iron, 2 sulfur cluster binding",BIO2;BOL2;DRE2;GRX3;GRX4;GRX5;GRX6;GRX7;ILV3;ISA1;ISA2;ISU1;ISU2;MIA40;PDH1;RIP1;SDH2;YAH1;YFH1
L-lysine transmembrane transporter activity,AVT5;AVT6;AVT7
nucleoside diphosphate kinase activity,CDC8;YNK1
"oxidoreductase activity, acting on other nitrogenous compounds as donors, cytochrome as acceptor",COX5B;YHB1
single-stranded DNA exodeoxyribonuclease activity,DPB3;DPB4;EXO5;POL2;POL31;POL32
calcium-activated cation channel activity,CSC1;PHM7;RSN1;SPO75;YVC1
ferrous iron binding,BNA1;FET3;FTH1;FTR1;GMC1;ISU1;ISU2;JJJ3;THI4;TPA1;TRR1;YFH1
histone demethylase activity,ECM5;GIS1;JHD1;JHD2;RPH1
phosphoric diester hydrolase activity,AIM6;APN1;APN2;CPD1;FMP30;GDE1;ISC1;NPP1;NPP2;PDE1;PDE2;PGC1;PHO81;PLC1;PPN1;SPO14;TDP1;TRL1;YJL132W
phosphatidylinositol transfer activity,CSR1;PDR16;PDR17;SEC14;SFH5
hexitol dehydrogenase activity,DSF1;MAN2;SOR1;SOR2;XDH1;XYL2
ubiquitin-like protein ligase binding,ALY1;ALY2;APC2;ART10;ART5;CDC53;CSR2;CUL3;ECM21;LDB19;NPL4;RIM8;ROD1;ROG3;RPL40A;RPL40B;RPN2;RPS31;RPT1;RPT4;RPT6;RTT101;RUB1;SMT3;SNA3;UBC4;UBC5;UBI4;YDR131C
crossed form four-way junction DNA binding,CCE1;MRS1
alditol:NADP+ 1-oxidoreductase activity,ARA1;GCY1;GRE3;YDL124W;YJR096W;YPR1
DNA exonuclease activity,APN1;APN2;DIN7;DPB3;DPB4;EXO1;EXO5;HNT3;MRE11;NUC1;POL2;POL3;POL31;POL32;PSO2;TRM2;YBL055C;YEN1
voltage-gated monoatomic anion channel activity,GEF1;POR1;POR2
metalloaminopeptidase activity,AAP1;APE1;APE2;APE4;FRA1;ICP55;MAP1;MAP2;TMA108;YFR006W
sulfur compound binding,ACB1;ARO10;FET3;FTH1;FTR1;GCV3;GMC1;ILV2;KGD1;MF(ALPHA)1;MF(ALPHA)2;PDC1;PDC5;PDC6;PXP1;THI3;THI80;TSR3;TYW1;YFH1
"oxidoreductase activity, acting on paired donors, with incorporation or reduction of molecular oxygen",BNA4;CAT5;COQ6;DIT2;ERG1;ERG11;ERG25;ERG3;ERG5;FMO1;GIS1;HMX1;JHD1;JHD2;JLP1;LIA1;OLE1;RPH1;SCS7;SUR2;TPA1;YHB1;YJR154W;YNL234W
ATP-dependent peptidase activity,AFG3;PIM1;YME1;YTA12
myosin II light chain binding,IQG1;MYO1
acetoin dehydrogenase activity,ARA1;BDH2;ORA1;YPR1
5'-nucleotidase activity,ISN1;SMN1;YBR242W;YGK1;YKL033W-A
"phosphotransferase activity, for other substituted phosphate groups",ALG7;CHO1;CPT1;CRD1;EPT1;FAS2;GPI11;GPI13;LAS21;LYS5;MCD4;PGS1;PIS1;PPT2
aminopeptidase activity,AAP1;APE1;APE2;APE3;APE4;DAP2;FRA1;ICP55;LAP2;LAP3;MAP1;MAP2;STE13;TMA108;VPS70;YDR415C;YFR006W;YOL057W
5'-3' exonuclease activity,DIN7;DXO1;EXO1;EXO5;HNT3;LAS1;PSO2;RAD27;RAT1;RRP17;TRM2;XRN1;YEN1;YSH1
electron transfer activity,AI2;AI3;AI4;AI5_ALPHA;AIF1;AIM45;BI2;BI3;BI4;CIR1;CIR2;COB;COR1;COX1;COX12;COX13;COX2;COX3;COX4;COX5A;COX5B;COX6;COX7;COX8;COX9;CYB5;CYC1;CYC7;CYT1;DRE2;NCP1;NDI1;OLE1;QCR10;QCR2;QCR6;QCR7;QCR8;QCR9;RIP1;SDH1;SDH2;SDH3;SDH9;SHH3;YAH1
sequence-specific mRNA binding,ALA1;CDC60;CRS1;DED81;DPS1;FRS1;GLN4;GRS1;GUS1;HTS1;ILS1;KRS1;MES1;SES1;SHE2;SHE3;SUP45;THS1;TYS1;VAS1;WRS1;YDR341C
RNA helicase activity,AIR2;BRR2;DBP1;DBP10;DBP2;DBP3;DBP5;DBP6;DBP7;DBP8;DBP9;DED1;DHH1;DHR2;DRS1;ECM16;ECM32;FAL1;HAS1;HCA4;MAK5;MRH4;MSS116;MTR4;NAM7;PAP2;PRP16;PRP2;PRP22;PRP28;PRP43;PRP5;ROK1;RRP3;SKI2;SLH1;SPB4;SPP382;SUB2;SUV3;TIF1;TIF2;YLR419W;YRA1
stalled ribosome sensor activity,GCN1;HEL2
"oxidoreductase activity, acting on NAD(P)H, heme protein as acceptor",CBR1;COX15;IRC21;MCR1;NCP1;PGA3;TAH18;YAH1
phosphatidylinositol monophosphate phosphatase activity,INP52;INP53;SAC1;YMR1
S-methyltransferase activity,MET6;MGT1;MHT1;SAM4
glutamate dehydrogenase [NAD(P)+] activity,GDH1;GDH2;GDH3
tRNA (uridine) methyltransferase activity,TRM2;TRM3;TRM44;TRM9
RNA polymerase II sequence-specific DNA-binding transcription factor recruiting activity,PZF1;UGA3;YAP6
GDP-dissociation inhibitor activity,ASC1;BFA1;GDI1;MRS6;PXL1;RDI1;TIF5
ABC-type oligopeptide transporter activity,MDL1;MDL2;STE6
GTP cyclohydrolase activity,FOL2;RIB1
"oxidoreductase activity, acting on the aldehyde or oxo group of donors",ALD2;ALD3;ALD4;ALD5;ALD6;ARG56;FDH1;FDH2;HFD1;HOM2;IRC15;KGD1;KGD2;KGD4;LAT1;LPD1;LYS2;MSC7;OSI1;PDA1;PDB1;PDX1;PRO2;PUT2;TDH1;TDH2;TDH3;UGA2;YDL124W;YDR541C;YGL039W;YKL107W;YLL056C;YNL134C;YPL276W
borate efflux transmembrane transporter activity,ATR1;ATR2;BOR1
pre-mRNA binding,CWC2;ECM2;LSR1;MPE1;MSL5;MUD2;NAM2;PET54;PRP39;PRP42;PRP8;RPL30;SLU7;SNR19;SNR7-L;SNR7-S;YHC1
rRNA (uridine-N3-)-methyltransferase activity,BMT5;BMT6
telomerase RNA binding,EBS1;ESL1;ESL2;EST1;EST2;NOP10;YKU70;YKU80
mannosyltransferase activity,ALG1;ALG11;ALG12;ALG2;ALG3;ALG9;ANP1;CSH1;DPM1;GPI10;GPI14;GPI18;HOC1;KRE2;KTR1;KTR2;KTR3;KTR4;KTR5;KTR6;KTR7;MNN1;MNN10;MNN11;MNN2;MNN5;MNN9;MNT2;MNT3;MNT4;OCH1;PBN1;PGA1;PMT1;PMT2;PMT3;PMT4;PMT5;PMT6;PMT7;SMP3;SUR1;VAN1;YUR1
malate dehydrogenase activity,MAE1;MDH1;MDH2;MDH3
diacetyl reductase ((S)-acetoin forming) activity,ARA1;ORA1;YPR1
Y-form DNA binding,CCE1;ESC2;IRC3;MRS1;MSH2;MSH3;MSH4;MSH5;RAD5
centromeric DNA binding,CBF1;CBF2;CDC5;CEP3;CNN1;CSE4;FKH1;ISW2;MIF2;PIF1;RIF1;RRM3;WIP1
ATPase regulator activity,AHA1;APJ1;CDC39;DMC1;ECM29;ESF2;FES1;HCH1;HLJ1;INH1;IST1;ISU1;JAC1;JJJ1;KRE29;LHS1;MDJ1;MDJ2;MGE1;NSE5;NUP159;PAM18;RLP24;SEC17;SIL1;SPP2;SSE1;SSE2;STF1;STI1;TFB2;TIF4631;TIF4632;VFA1;VTA1;XDJ1;YDJ1;YRA1
polyamine transmembrane transporter activity,DUR3;GAP1;HOL1;QDR3;SAM3;TPO1;TPO2;TPO3;TPO4;TPO5;UGA4
ATP transmembrane transporter activity,AAC1;AAC3;ANT1;ODC1;ODC2;PET9;SAL1
carbon-sulfur lyase activity,CYC3;CYS3;CYT2;GLO1;IRC7;STR3;YHR112C;YML082W
transketolase or transaldolase activity,ILV2;ILV6;NQM1;TAL1;TKL1;TKL2
U4 snRNA binding,CRM1;MEX67;PRP4;SNR6;SNU13;SPT5
medium-chain fatty acid-CoA ligase activity,FAA1;FAA2;PCS60
ubiquitin-specific protease binding,DER1;DFM1
"intramolecular oxidoreductase activity, interconverting aldoses and ketoses",HIS6;MRI1;PGI1;PMI40;RKI1;TPI1;TRP1
histone H2A acetyltransferase activity,ACT1;ARP4;ARP7;EAF1;EAF3;EAF5;EAF6;EAF7;EPL1;ESA1;NAT4;RVB1;RVB2;SWC4;TRA1;YAF9;YNG2
monoatomic anion transmembrane transporter activity,FEX1;FEX2;GEF1;IST2;POR1;POR2;VHC1;YCR023C
translation repressor activity,PUF6;SSD1;SUF16;SUF17;SUF20;SUF23;SUP51;TIS11;YNCA0006C;YNCB0001W;YNCB0005C;YNCB0006W;YNCB0012W;YNCD0001W;YNCD0006W;YNCD0008W;YNCD0019C;YNCD0020W;YNCE0004C;YNCE0005W;YNCE0013W;YNCE0021C;YNCF0008C;YNCG0003C;YNCG0011W;YNCG0025C;YNCG0027W;YNCG0039W;YNCG0043C;YNCG0046W;YNCH0001W;YNCH0004C;YNCJ0017C;YNCJ0023C;YNCK0004W;YNCK0012C;YNCL0002C;YNCL0049C;YNCM0007C;YNCM0009C;YNCM0020W;YNCN0020C;YNCO0004C;YNCP0009W;YNCP0016W;YNCP0023W;YNCQ0009W;YNCQ0010W
basic amino acid transmembrane transporter activity,ALP1;AVT5;AVT6;AVT7;CAN1;HIP1;LYP1;RTC2;VBA1;VBA2;VBA3;VBA4;YPQ1;YPQ2
[acyl-carrier-protein] S-malonyltransferase activity,FAS1;MCT1
ammonium transmembrane transporter activity,ADY2;AMF1;ATO2;ATO3;MEP1;MEP2;MEP3
selenite:proton symporter activity,JEN1;PHO84
mitochondrial transcription factor activity,HCM1;MTF1
purine ribonucleotide transmembrane transporter activity,AAC1;AAC3;ANT1;LEU5;MRX21;ODC1;ODC2;PET9;SAL1;YBR219C;YBR220C
amidophosphoribosyltransferase activity,ADE4;DUG3
G protein-coupled receptor activity,GPR1;STE2;STE3
nuclear export signal receptor activity,CRM1;CSE1;KAP122;MSN5
phosphatidylinositol-4-phosphate binding,ATG18;ATG21;CDC10;CDC11;CDC12;CDC3;EGD2;GGA2;HSV2;KES1;MSS4;OSH6;RGD1;SEC2;SPF1;STV1;TEL1;VPS74
clathrin light chain binding,CHC1;SLA2
5S rRNA binding,BRX1;NAB2;NOP53;RPF2;RPL5
promoter-specific chromatin binding,NRS1;NUP170;PAB1;RPA190;SEC28;SPT10;TAF10;TDH2
thiamine transmembrane transporter activity,THI7;TPC1
dipeptidyl-peptidase activity,DAP2;STE13;YOL057W
riboflavin synthase activity,RIB4;RIB5
endopolyphosphatase activity,DDP1;PPN1;PPN2
rRNA methyltransferase activity,BMT2;BMT5;BMT6;BUD23;DIM1;EMG1;MRM1;MRM2;NOP1;NOP2;RCM1;RRP8;SPB1;TRM112;YMR265C
protein kinase binding,ASC1;ATG11;BCY1;BPH1;CDC37;CDC42;CKS1;CLG1;CMD1;CRP1;GAL83;ISC10;MCD1;MDG1;PCL1;PCL10;PCL2;PCL5;PCL6;PCL7;PCL8;PCL9;PHO80;RHO1;RHO2;RHO3;RHO4;RHO5;SIP1;SIP2;SKO1;SMC3;SNF4;SSK1;STE4;YPD1
"phosphotransferase activity, phosphate group as acceptor",ADK1;ADK2;ARG82;CDC8;ERG8;FAP7;GUK1;KCS1;MRE11;RAD50;THI20;THI21;THI22;URA6;VIP1;VTC4;YNK1
D-arabinose 1-dehydrogenase [NAD(P)+] activity,ARA1;ARA2
alcohol binding,DBP5;GLE1;PRY1;SYG1;THI80;VTC4
cysteine synthase activity,HSU1;MCY1;MET17
"fructose-2,6-bisphosphate 2-phosphatase activity",FBP26;PFK27;YLR345W
polysaccharide binding,GAC1;GIP2;PIG1;PIG2
monoatomic anion channel activity,GEF1;IST2;POR1;POR2;YCR023C
telomerase activity,CDC13;EST2;PIF1;PXR1;TLC1
phosphatidylinositol phosphate 5-phosphatase activity,FIG4;INP51;INP52;INP53;INP54
ubiquitin binding,ARC40;ATG18;BUB3;CDC4;CDC48;CKS1;COP1;CUE1;CUE2;CUE3;CUE4;CUE5;DDI1;DEF1;DOA1;DON1;DUF1;EDE1;ENT1;ETP1;GGA1;GGA2;GLE2;HSE1;KOG1;MDV1;MET30;MVB12;NPL4;RAD23;RPN13;RSP5;SEC27;SHP1;SLA1;STP22;SWA2;TAF5;UBC4;UBX2;UBX3;UBX5;UFD1;VPS15;VPS27;VPS36;VPS9
3-oxoacyl-[acyl-carrier-protein] synthase activity,CEM1;FAS2
acetyl-CoA transmembrane transporter activity,YBR219C;YBR220C
"oxidoreductase activity, acting on a sulfur group of donors, disulfide as acceptor",EPS1;EUG1;MET16;MPD1;MXR1;MXR2;YKL069W
RNA exonuclease activity,CCR4;CSL4;DCS1;DIS3;DSS1;DXO1;LAS1;LRP1;MTR3;NGL1;NGL2;NGL3;NOP53;PAN2;POP2;RAT1;REX2;REX3;RNH70;RRP17;RRP4;RRP40;RRP42;RRP43;RRP45;RRP46;RRP6;SKI6;SSD1;SUV3;USB1;XRN1;YSH1
polynucleotide 5'-hydroxyl-kinase activity,CLP1;GRC3;LAS1;TRL1
protein-cysteine S-palmitoyltransferase activity,AKR1;AKR2;ERF2;PFA3;PFA4;PFA5;SWF1
transition metal ion transmembrane transporter activity,ATX2;BPT1;CCC1;CCC2;COT1;CTR1;CTR2;CTR3;FET3;FET4;FTH1;FTR1;GDT1;GMC1;MRS3;MRS4;MSC2;PCA1;PHO84;PIC2;PMR1;SMF1;SMF2;SMF3;YCF1;YKE4;YOR1;ZRC1;ZRG17;ZRT1;ZRT2;ZRT3
GMP synthase (glutamine-hydrolyzing) activity,GUA1;SNZ2
"alpha-1,2-mannosyltransferase activity",ALG11;ALG9;GPI10;KRE2;KTR1;KTR2;KTR3;KTR4;KTR5;KTR6;KTR7;MNN2;MNN5;SMP3;YUR1
RNA polymerase II core promoter sequence-specific DNA binding,MED4;PGD1;RIF1;SPT15;SRB4;SRB5;SSN8
RNA 2'-O-methyltransferase activity,MRM2;SPB1;TRM13;TRM3;TRM44;TRM7
mRNA 5'-phosphatase activity,CET1;CTL1;DCP2
phosphoglycerate dehydrogenase activity,SER3;SER33;YGL185C
adenine nucleotide transmembrane transporter activity,AAC1;AAC3;ANT1;LEU5;MRX21;ODC1;ODC2;PET9;SAL1;YBR219C;YBR220C;YEA6;YIA6
"oxidoreductase activity, acting on the CH-NH group of donors, quinone or similar compound as acceptor",AIF1;CIR2;PUT1
"oxidoreductase activity, acting on NAD(P)H, nitrogenous group as acceptor",FRM2;HBN1
phosphoprotein binding,BMH1;BMH2;CDC4;CDC5;CDC73;CTR9;LEO1;PAF1;RTF1;RTG2;RTT103;URE2
RNA methyltransferase activity,ABD1;ABP140;BMT2;BMT5;BMT6;BUD23;DIM1;EMG1;GCD10;GCD14;IME4;KAR4;MRM1;MRM2;MUM2;NCL1;NOP1;NOP2;PPM2;RCM1;RRP8;SLZ1;SPB1;TGS1;TRM1;TRM10;TRM11;TRM112;TRM12;TRM13;TRM2;TRM3;TRM44;TRM5;TRM7;TRM8;TRM82;TRM9;TYW3;VIR1;YMR265C
G-quadruplex DNA binding,DNA2;MGS1;MRE11;NSR1;PIF1;RAD50;RAP1;RRM3;SLX9;SUB1;VID22;XRS2
ferrochelatase activity,HEM15;MET8
translation elongation factor binding,CDC13;HGH1;RDN18-1;RDN18-2;STN1;TEN1;ZPR1
"oxidoreductase activity, acting on the aldehyde or oxo group of donors, disulfide as acceptor",IRC15;KGD1;KGD2;KGD4;LPD1;PDA1;PDB1
IMP dehydrogenase activity,IMD1;IMD2;IMD3;IMD4;YAR075W
"carbon-nitrogen ligase activity, with glutamine as amido-N-donor",ADE6;AIM41;ASN1;ASN2;CPA1;CPA2;GTF1;GUA1;HER2;PET112;QNS1;SNZ2;URA2;YML096W
long-chain fatty acid transporter activity,FAT1;PXA1;PXA2;RSB1
double-stranded DNA 5'-3' exodeoxyribonuclease activity,TRM2;YEN1
plus-end-directed microtubule motor activity,CIN8;DYN2;KIP1;KIP2;KIP3;PAC11;SMY1
kynurenine-oxoglutarate transaminase activity,ARO9;BNA3
carnitine transmembrane transporter activity,CRC1;HNM1
organic cation transmembrane transporter activity,CRC1;DUR3;HNM1;PET8;SAM3;THI7;TPC1;TPO1;TPO4;UGA4
transmembrane signaling receptor activity,GPR1;HKR1;MID2;MSB2;SHO1;SLG1;SLN1;STE2;STE3;WSC2;WSC3
organic hydroxy compound transmembrane transporter activity,AQY3;AUS1;CIN10;FLR1;FPS1;HNM1;HOL1;ITR1;ITR2;YFL040W
cytoskeleton-nuclear membrane anchor activity,CSM4;MPS2
glycerol-1-phosphatase activity,GPP1;GPP2;PYP1
P-type transmembrane transporter activity,CCC2;ENA1;ENA2;ENA5;ENA6;PCA1;PMA1;PMA2;PMC1;PMR1;SPF1;YCF1;YPK9
manganese ion transmembrane transporter activity,ATX2;CCC1;GDT1;PHO84;PMR1;SMF1;SMF2;SMF3
S-adenosyl-L-methionine binding,TSR3;TYW1
modified amino acid binding,ADA2;CCZ1;LYS2;MGM1;MON1;NPC2;VPS501
"oxidoreductase activity, acting on the CH-CH group of donors, oxygen as acceptor",HEM13;HEM14;POX1
glycine transmembrane transporter activity,HEM25;YMC1
calcium-dependent cysteine-type endopeptidase activity,MCA1;RIM13
vitamin binding,AAT1;AAT2;ALT1;ALT2;ARG8;ARO10;ARO8;ARO9;BIO3;BNA3;BNA5;CAR2;CHA1;CYS3;DPL1;GAD1;GCV2;GPH1;HEM1;HIS5;HSU1;ILV1;ILV2;IRC7;KGD1;LCB1;LCB2;LYS2;MET17;MTM1;NFS1;PDC1;PDC5;PDC6;PXP1;SER1;SHM1;SHM2;SRY1;STR2;STR3;THI3;THI80;THR4;TPA1;UGA1;YBL036C;YER152C;YHR112C;YML082W
sodium:proton antiporter activity,NHA1;NHX1;VNX1
sphingosine N-acyltransferase activity,LAC1;LAG1;LIP1;YPC1
iron ion transmembrane transporter activity,CCC1;FET3;FET4;FTH1;FTR1;GMC1;MRS3;MRS4
sphingolipid binding,PMP3;SLM1;SVF1
tRNA (guanine-N2-)-methyltransferase activity,TRM1;TRM11
"glycolipid 1,6-alpha-mannosyltransferase activity",ALG2;OCH1
high-affinity ferric iron transmembrane transporter activity,FET3;FTH1;FTR1;GMC1
2-dehydropantoate 2-reductase activity,CBS2;PAN5
exopeptidase activity,AAP1;APE1;APE2;APE3;APE4;ATG42;CPS1;DAP2;DUG1;DUG2;ECM14;FRA1;ICP55;KEX1;LAP2;LAP3;MAP1;MAP2;MIY2;PFF1;PRC1;STE13;TMA108;TRE1;TRE2;VPS70;YDR415C;YFR006W;YGL082W;YOL057W;YOL153C
DNA-binding transcription repressor activity,ASH1;BUR6;CBF1;CYC8;ERT1;FKH1;GIS1;HMLALPHA2;LEU3;MATALPHA2;MCM1;MIG1;MIG2;MIG3;NCB2;NRG1;RIM101;ROX1;RPH1;SKO1;SUM1;TUP1;UME6
histone H4K16 acetyltransferase activity,ESA1;SAS2
double-stranded RNA-specific ribonuclease activity,MRPL15;MRPL3;RNT1
amino acid transmembrane transporter activity,AGC1;AGP1;AGP2;AGP3;ALP1;AQR1;AVT1;AVT2;AVT3;AVT4;AVT5;AVT6;AVT7;BAP2;BAP3;CAN1;DIP5;ERS1;GAP1;GNP1;HEM25;HIP1;LYP1;MMP1;MUP1;MUP3;ODC1;ODC2;ORT1;PUT4;QDR2;QDR3;RTC2;SAM3;SSY1;TAT1;TAT2;TAT3;UGA4;VBA1;VBA2;VBA3;VBA4;YCT1;YMC1;YMC2;YPQ1;YPQ2
1-acylglycerophosphoethanolamine O-acyltransferase activity,ALE1;SLC1
transcription corepressor activity,BUR6;CRF1;CYC8;DIG1;DIG2;HIR1;HIR2;HIR3;HMRA1;MATA1;MED8;NCB2;NUP159;OPI1;ROX1;RPD3;SAP30;SIF2;SIN3;SKO1;SRB7;SWC4;TUP1;UME1;URE2;WHI5;WTM1;WTM2
"oxidoreductase activity, acting on other nitrogenous compounds as donors",COX5B;OYE2;OYE3;YHB1
lipid transfer activity,CSR1;HES1;KES1;LAM4;LAM5;LAM6;MDM12;MDM35;MMM1;OSH2;OSH3;OSH6;OSH7;PDR16;PDR17;SEC14;SFH5;SWH1;UPS1;UPS2;UPS3;VPS13;YSP2
sulfur compound transmembrane transporter activity,CCC2;DIC1;ERS1;FET3;FTH1;FTR1;GMC1;MMP1;MRX21;MUP1;MUP3;OAC1;PET8;SAM3;SOA1;SSU1;SUL1;SUL2;THI7;TPC1;VHT1;YBR219C;YBR220C;YCF1;YCT1;YOR1;YPR003C
RNA polymerase III general transcription initiation factor binding,BDP1;BRF1
mRNA 5'-UTR binding,PET54;PUF6;RBS1;SSD1
inorganic phosphate transmembrane transporter activity,MIR1;PHO84;PHO87;PHO89;PHO90;PHO91;PIC2
5-amino-1-ribofuranosylimidazole-4-carboxamide transmembrane transporter activity,NRT1;THI7;THI72
"oxidoreductase activity, acting on paired donors, with incorporation or reduction of molecular oxygen, NAD(P)H as one donor, and incorporation of two atoms of oxygen into one donor",YHB1;YNL234W
"oxidoreductase activity, acting on NAD(P)H",AIF1;AIM14;CBR1;COX15;DIT2;FRE7;FRM2;HBN1;IRC15;IRC21;IRC24;LOT6;MCR1;NCP1;NDE1;NDE2;NDI1;NRE1;OYE2;OYE3;PGA3;PST2;TAH18;YAH1;YCP4;YCR102C;YDL124W;YLR460C;YNL134C;ZTA1
acylglycerol O-acyltransferase activity,ALE1;DGA1;ICT1;LOA1;SLC1
calcium ion binding,AXL2;CAM1;CCH1;CDC31;CMD1;CNB1;CNE1;EDE1;END3;FRQ1;GEM1;MDR1;MLC1;MLC2;MNL1;MNL2;MNS1;NTH1;NTH2;PAN1;PEF1;PLC1;PMR1;SAL1;SSP120;TMA19;YBR053C;YNR021W
proteasome binding,BLM10;CIC1;CUZ1;FUB1;PCA1;RAD23;RAD6;RPN11;SPG5;STS1;UBC1;UBC4;UBC5;UBP6
3-methylbutanol:NADP oxidoreductase activity,ADH6;ADH7;GRE2
lipase activity,ATG15;AYR1;CLD1;DDL1;ECM18;EEB1;EHT1;FMP30;FSH1;ICT1;IMO32;ISC1;LDH1;LIH1;LPL1;LPX1;MGL2;NTE1;PGC1;PLB1;PLB2;PLB3;PLC1;ROG1;SPO1;SPO14;TGL1;TGL2;TGL3;TGL4;TGL5;TIP1;YDL057W;YDL109C;YDR444W;YEH1;YEH2;YJL132W;YJR098C;YJU3;YPR147C
methylation-dependent protein binding,BYE1;CHD1;CTI6;EAF3;JHD1;NTO1;PHO23;SET3;SET4;SGF29;SPP1;YNG1;YNG2
tRNA (guanine) methyltransferase activity,TRM1;TRM10;TRM11;TRM112;TRM3;TRM5;TRM8
flap-structured DNA binding,CCE1;ESC2;MPH1;MRS1;SAW1;VTS1
"endodeoxyribonuclease activity, producing 5'-phosphomonoesters",DIN7;DNA2;EXO1;RAD27;SLX1;SLX4;YEN1
carbohydrate transmembrane transporter activity,AQY3;FPS1;GAL2;HXT1;HXT10;HXT11;HXT13;HXT14;HXT15;HXT16;HXT17;HXT2;HXT3;HXT4;HXT5;HXT6;HXT7;HXT8;HXT9;MAL11;MAL21;MAL31;MAL41;MAL61;MPH2;MPH3;RGT2;SNF3;STL1;VPS73;VVS1;YDL199C
phosphatidate phosphatase activity,APP1;DPP1;LPP1;PAH1
oxidized purine nucleobase lesion DNA N-glycosylase activity,NTG1;OGG1
N-acylsphingosine amidohydrolase activity,YDC1;YPC1
disulfide oxidoreductase activity,ECM4;EPS1;ERO1;ERV1;ERV2;EUG1;GLR1;GRX1;GRX2;GRX3;GRX4;GRX5;GRX6;GRX7;GRX8;GTO1;MIA40;MPD1;MPD2;OST3;OST6;PDI1;TRX1;TRX2;TRX3;YBP1
AMPylase activity,FMP40;UBA4
pyridoxal phosphate binding,AAT1;AAT2;ALT1;ALT2;ARG8;ARO8;ARO9;BIO3;BNA3;BNA5;CAR2;CHA1;CYS3;DPL1;GAD1;GCV2;GPH1;HEM1;HIS5;HSU1;ILV1;IRC7;LCB1;LCB2;MET17;MTM1;NFS1;SER1;SHM1;SHM2;SRY1;STR2;STR3;THR4;UGA1;YBL036C;YER152C;YHR112C;YML082W
inositol hexakisphosphate binding,DBP5;GLE1;SYG1;VTC4
aldose 1-epimerase activity,GAL10;YHR210C;YNR071C
NAD binding,ARG56;FDH1;FDH2;GOR1;GPD1;GPD2;HIS4;HOM2;HST1;HST2;HST3;HST4;IDH1;IDH2;IDP1;IDP2;IDP3;LEU2;LYS12;MAE1;SER3;SER33;SIR2;TDH1;TDH2;TDH3;TYR1;YGL185C;YPL113C;YPL276W
sulfate adenylyltransferase activity,APA1;APA2;MET3
nucleobase-containing compound kinase activity,ADK1;ADK2;ADO1;CDC8;CLP1;DAS2;FAP7;GRC3;GUK1;LAS1;MRE11;RAD50;TRL1;URA6;URK1;YNK1
ATPase activator activity,AHA1;APJ1;CDC39;ESF2;HCH1;HLJ1;ISU1;JAC1;JJJ1;MDJ1;MDJ2;PAM18;RLP24;SEC17;SPP2;TFB2;TIF4631;TIF4632;VFA1;VTA1;XDJ1;YDJ1
"hydrolase activity, acting on acid carbon-carbon bonds, in ketonic substances",BNA5;FMP41
"DNA topoisomerase type II (double strand cut, ATP-hydrolyzing) activity",SPO11;TOP2
modification-dependent protein binding,BDF1;BDF2;BLM10;BYE1;CDC48;CHD1;CTI6;CUE2;CUE3;CUE5;DDI1;DOA1;DSK2;EAF3;ENT1;ENT2;GCN5;JHD1;NPL4;NTO1;PHO23;RAD23;RPN10;RQT4;RSC4;SET3;SET4;SGF29;SHP1;SNF2;SPP1;STH1;UFD1;VPS27;YNG1;YNG2
alcohol dehydrogenase (NADP+) activity,ADH6;ADH7;ARA1;GCY1;GRE2;GRE3;YDL124W;YJR096W;YPR1
macrolide binding,FPR1;FPR2;FPR3;FPR4
RNA polymerase II CTD heptapeptide repeat kinase activity,BUR2;CCL1;CTK1;CTK2;CTK3;KIN28;RAD3;SGV1;SSL1;SSL2;SSN3;TFB1;TFB2;TFB3;TFB4;TFB5;TFB6
phosphatidylglycerol binding,CYC1;MGM1;MRS2
5'-3' DNA helicase activity,HCS1;PIF1;RAD3;RRM3;RVB1;RVB2;SEN1
telomeric DNA binding,CDC13;DNA2;EBS1;ESL1;ESL2;EST1;EST2;EST3;GBP2;HRQ1;IMP4;MRE11;NDJ1;NPL3;NSR1;PIF1;RAD50;RAP1;RFA2;RIF1;RIF2;STM1;STN1;SUA5;TBF1;TEL1;TEL2;TEN1;XRS2;YKU70;YKU80
FAD binding,ALO1;BNA4;COQ6;DLD1;DLD2;DLD3;ERO1;MET12;MET13;PHR1;POX1;PUT1;YHB1;YNL234W
inositol hexakisphosphate 3-kinase activity,KCS1;VIP1
mitochondrial ribosome binding,AIM23;CBP3;CBP6;GUF1;MAM33;MBA1;MDM38;MRX15;OXA1
protein-membrane adaptor activity,ALG14;CSM4;GET1;GET2;INP2;MPS2;MPS3;NDC1;PEX15;POM152;RCR1;SEC16;TSC11;VAC17;VAC8;VPS8
alcohol O-acetyltransferase activity,ATF1;ATF2;EEB1;EHT1
myosin V binding,MLC1;PEA2;YPT11
dinucleotide phosphatase activity,FPY1;NPY1
"4 iron, 4 sulfur cluster binding",ACO1;ACO2;BIO2;CFD1;CIR2;DNA2;DRE2;ELP3;EXO5;ISA2;LEU1;LIP5;LYS4;MET5;NAR1;NBP35;NFU1;NTG2;POL1;POL2;POL3;PRI2;RAD3;REV3;SDH2;TYW1
DNA replication origin binding,ABF1;ADE12;ADK1;BMH1;BMH2;BRE1;CDC28;CDC45;CDC53;CDC6;CLF1;DBF4;DIA2;DPB11;FKH1;FKH2;HSP60;IME2;MCM1;MCM10;MCM2;MCM3;MCM4;MCM5;MCM6;MCM7;ORC1;ORC2;ORC3;ORC4;ORC5;ORC6;POL1;RAD53;RIF1;SIR2;SIR3;SKP1;SLD2;SPT6;SUM1;TAH11
L-methionine transmembrane transporter activity,MUP1;MUP3
thiosulfate sulfurtransferase activity,RDL1;RDL2;TUM1;UBA4;YCH1
histone H4 acetyltransferase activity,ACT1;ARP4;ARP7;EAF1;EAF3;EAF5;EAF6;EAF7;EPL1;ESA1;HAT1;NAT4;RVB1;RVB2;SAS2;SWC4;TRA1;YAF9;YNG2
siderophore-iron transmembrane transporter activity,ARN1;ARN2;ENB1;GEX1;GEX2;SIT1
sodium ion transmembrane transporter activity,ENA1;ENA2;ENA5;NHA1;NHX1;PHO89;VNX1;YVC1
branched-chain amino acid transmembrane transporter activity,AVT1;AVT3;AVT4
ubiquitin-protein transferase regulator activity,ACM1;AMA1;CDC20;CDH1;CUE1;MND2;PEX12;PEX22;ROQ1;TYC1
"oxidoreductase activity, acting on paired donors, with incorporation or reduction of molecular oxygen, NAD(P)H as one donor, and incorporation of one atom of oxygen",BNA4;CAT5;COQ6;ERG1;ERG11;FMO1;SCS7
nucleobase-containing compound transmembrane transporter activity,AAC1;AAC3;ANT1;FCY2;FLC1;FLC2;FLC3;FLX1;FUI1;FUN26;GGC1;HUT1;HVG1;LEU5;MRX21;NRT1;ODC1;ODC2;PET9;RIM2;SAL1;VRG4;YBR219C;YBR220C;YEA4;YEA6;YIA6;YMD8
rRNA 2'-O-ribose methylation guide activity,SNR128;SNR13;SNR18;SNR24;SNR38;SNR39;SNR39B;SNR40;SNR41;SNR47;SNR48;SNR50;SNR51;SNR52;SNR53;SNR54;SNR55;SNR56;SNR57;SNR58;SNR59;SNR60;SNR61;SNR62;SNR63;SNR64;SNR65;SNR66;SNR67;SNR68;SNR69;SNR70;SNR71;SNR72;SNR73;SNR74;SNR75;SNR76;SNR77;SNR78;SNR79;SNR87
aldehyde dehydrogenase (NAD+) activity,ALD2;ALD3;ALD4;ALD5;ALD6;HFD1;MSC7;OSI1;YGL039W;YKL107W;YLL056C;YNL134C
glutathione-disulfide reductase (NADP) activity,GLR1;GRX6;GRX7;GRX8
tRNA-specific ribonuclease activity,POP1;POP3;POP4;POP5;POP6;POP7;POP8;RPM1;RPM2;RPP1;RPR1;RPR2;SEN15;SEN2;SEN34;SEN54;SNM1
flavin adenine dinucleotide binding,AIF1;AIM45;ALO1;BNA4;COQ6;DLD1;DLD2;DLD3;DUS1;DUS3;DUS4;ERG1;ERO1;ERV1;ERV2;FMO1;FMS1;GLR1;GLT1;ILV2;IRC15;LPD1;MET10;MET12;MET13;MTO1;NCP1;PHR1;POX1;PUT1;SDH1;SDH9;SMM1;TAH18;YHB1;YNL234W
O-acetyltransferase activity,ATF1;ATF2;AYT1;CAT2;EEB1;EHT1;GPT2;MET2;SCT1;YAT1;YAT2;YJL218W
lipid phosphatase activity,APP1;CAX4;DPP1;LCB3;LPP1;PAH1;YSR3
iron-sulfur cluster binding,ACO1;ACO2;AFT2;BIO2;BOL2;CFD1;CIR2;DNA2;DPH1;DPH2;DRE2;ELP3;EXO5;GLT1;GRX3;GRX4;GRX5;GRX6;GRX7;ILV3;ISA1;ISA2;ISU1;ISU2;LEU1;LIP5;LYS4;MET5;MIA40;NAR1;NBP35;NFS1;NFU1;NTG2;PDH1;POL1;POL2;POL3;PRI2;RAD3;REV3;RIP1;SDH2;TYW1;YAH1;YFH1
snRNP binding,MER1;SPT5
"phosphatidylinositol-3,5-bisphosphate binding",ARC1;ATG18;ATG21;EGD2;ENT3;ENT5;HSV2;MGM1;OSH6;PMP3;RGD1;SLA2;SSO1;TUP1;VPH1
phosphatidylserine floppase activity,DNF1;DNF2;DRS2;NEO1
single-stranded DNA endodeoxyribonuclease activity,DNA2;MRE11;NUC1;RAD1;RAD10;RAD2;SAE2;TRM2
FMN reductase (NAD(P)H) activity,ARO2;LOT6
MAP kinase serine/threonine phosphatase activity,PTC1;PTC2
glycerol-3-phosphate transmembrane transporter activity,GIT1;PHO91
protein transporter activity,ACL4;BCS1;GET1;GET2;PEP8;SAM50;SBH1;SEC61;SEC62;SEC63;SEC66;SEC72;SPF1;SSH1;SSS1;TIM10;TIM12;TIM13;TIM17;TIM18;TIM22;TIM23;TIM50;TIM54;TIM8;TIM9;TOM20;TOM22;TOM40;TOM5;TOM6;TOM7;TOM70;TOM71;VPS17;WSC4
protein prenyltransferase activity,BET2;BET4;CDC43;ECM9;MRS6;RAM1;RAM2
protein serine/threonine phosphatase inhibitor activity,ICE2;IGO1;SDS22;SDS23;SDS24;SIS2;YPI1
kinase inhibitor activity,BCY1;CDC6;CIP1;CKB1;CKB2;FAR1;GAL80;GPB1;GPB2;ISC10;LRE1;MMS21;PHO81;SIC1;SPL2;TPK1;TPK2;TPK3;YIH1
ammonia-lyase activity,CHA1;DSD1;ILV1;SDL1;SRY1
mating-type factor pheromone receptor activity,STE2;STE3
mRNA 5'-diphosphatase activity,DCS1;DXO1;RAI1
1-phosphatidylinositol binding,CDC10;YAP1801;YAP1802
protein tyrosine phosphatase activity,ARR2;CDC14;LTP1;MIH1;MSG5;OCA1;OCA6;PPS1;PTP1;PTP2;PTP3;RRD1;RRD2;SDP1;SSU72;TEP1;YCH1;YER134C;YVH1
ABC-type glutathione S-conjugate transporter activity,YCF1;YOR1
"racemase and epimerase activity, acting on carbohydrates and derivatives",GAL10;RPE1;YHR210C;YMR099C;YNR071C
Arp2/3 complex binding,AIM7;CRN1;LAS17;LDB17;PAN1
monosaccharide transmembrane transporter activity,GAL2;HXT1;HXT10;HXT11;HXT13;HXT14;HXT15;HXT16;HXT17;HXT2;HXT3;HXT4;HXT5;HXT6;HXT7;HXT8;HXT9;VPS73;VVS1
histone deacetylase binding,CYC8;DEP1;SDS3;TUP1
"inositol-1,3,4,5,6-pentakisphosphate kinase activity",ARG82;KCS1;VIP1
N-acylphosphatidylethanolamine-specific phospholipase D activity,FMP30;SPO14
electron-transferring-flavoprotein dehydrogenase activity,AIF1;CIR2
annealing activity,DED1;MSS116;RAD52;TIF3
protein serine/threonine kinase inhibitor activity,BCY1;CDC6;CIP1;CKB1;CKB2;FAR1;GPB1;GPB2;MMS21;PHO81;SIC1;SPL2;TPK1;TPK2;TPK3
tRNA binding,ALA1;ARC1;CEX1;CGI121;DIA4;DIS3;DTD1;ELP3;ELP4;ELP6;FRS2;GCD11;GCN2;IFM1;IKI1;IKI3;ILS1;ISM1;KRE33;KRS1;LHP1;LOS1;MEX67;MOD5;MSE1;MSF1;MSK1;NAB2;NCL1;NCS2;NCS6;QRI7;RQC2;SES1;SLM3;SSA1;SSA2;SUA5;SUI2;SUI3;TRM1;TRM10;TRM11;TRM8;TRM9;UTP8;UTP9;YGR054W
mannokinase activity,HXK1;HXK2;NGK1
ubiquitin ligase-substrate adaptor activity,EAR1;SSH4
monocarboxylic acid transmembrane transporter activity,ADY2;AQR1;ATO2;ATO3;JEN1;MPC1;MPC2;MPC3;RCH1;SLY41;UGA4;VHT1;YBT1;YIA6;YJL193W
histone methyltransferase activity,BRE2;DOT1;HSL7;NOP1;SDC1;SET1;SET2;SHG1;SPP1;SWD1;SWD2;SWD3;YMR265C
dethiobiotin synthase activity,BIO3;BIO4
"oxidoreductase activity, acting on the CH-CH group of donors, NAD or NADP as acceptor",DFG10;DUS1;DUS3;DUS4;ERG24;ERG4;ETR1;FAS1;MET8;SMM1;SPS19;TSC13;TYR1;YML131W;ZTA1
phosphodiesterase I activity,NPP1;NPP2
"oxidoreductase activity, acting on paired donors, with incorporation or reduction of molecular oxygen, reduced flavin or flavoprotein as one donor, and incorporation of one atom of oxygen",COQ6;HMX1
putrescine transmembrane transporter activity,DUR3;SAM3;UGA4
single-strand break-containing DNA binding,HNT3;RAD4
myosin II heavy chain binding,BNI5;HOF1;IQG1;MLC1;MLC2
histone kinase activity,ALK1;ALK2;STE20
mannose-ethanolamine phosphotransferase activity,GPI11;GPI13;LAS21;MCD4
DNA-(apurinic or apyrimidinic site) endonuclease activity,APN1;APN2;NTG1;NTG2;OGG1;RPS3
aldehyde dehydrogenase (NADP+) activity,ALD6;YDR541C
poly(A)-specific ribonuclease activity,CCR4;NGL1;NGL2;NGL3;PAN2;POP2
"oxidoreductase activity, acting on metal ions, NAD or NADP as acceptor",FRE1;FRE2;FRE3;FRE4;FRE5;FRE6;FRE7;FRE8;HHT1;HHT2
threonine-type peptidase activity,DUG2;DUG3;ECM38;PRE2;PRE3;PUP1
signaling receptor activator activity,MF(ALPHA)1;MF(ALPHA)2;MFA1;MFA2
dephospho-CoA kinase activity,CAB4;CAB5
"oxidoreductase activity, acting on metal ions",AIM14;FET3;FET5;FRE1;FRE2;FRE3;FRE4;FRE5;FRE6;FRE7;FRE8;FTH1;FTR1;GMC1;HHT1;HHT2;YFH1
cysteine-type exopeptidase activity,LAP3;MIY2;YGL082W
"intramolecular oxidoreductase activity, transposing S-S bonds",EPS1;EUG1;MIA40;MPD1;MPD2;PDI1
deubiquitinase activity,ADA2;BRO1;CHD1;DOA4;GCN5;HFI1;MIY2;NGG1;OTU1;OTU2;RPN11;SGF11;SGF29;SGF73;SPT20;SPT3;SPT7;SPT8;SUS1;TAF10;TAF12;TAF5;TAF6;TAF9;TRA1;UBP1;UBP10;UBP11;UBP12;UBP13;UBP14;UBP15;UBP16;UBP2;UBP3;UBP5;UBP6;UBP7;UBP8;UBP9;YGL082W;YUH1
carbohydrate phosphatase activity,DOG1;DOG2;FBP1;FBP26;PFK27;PHO8;TPS1;TPS2;TPS3;TSL1;YLR345W
quaternary ammonium group binding,ARO10;ILV2;KGD1;PDC1;PDC5;PDC6;PXP1;THI3
maltose alpha-glucosidase activity,IMA1;IMA2;IMA3;IMA4;IMA5;MAL12;MAL22;MAL32;MAL42;MAL62
first spliceosomal transesterification activity,CEF1;CLF1;CWC2;ECM2;IST3;ISY1;NTC20;PRP19;PRP2;PRP28;PRP45;SNT309;SYF1;SYF2;YJU2
protein tyrosine phosphatase activator activity,RRD1;RRD2
nascent polypeptide-associated complex binding,OM14;TMA108
signaling receptor binding,GPA1;GPA2;MF(ALPHA)1;MF(ALPHA)2;MFA1;MFA2;PEX14;ZPS1
3'-5' exonuclease activity,APN1;APN2;CCR4;CSL4;DIS3;DPB3;DPB4;DSS1;LRP1;MIP1;MRE11;MTR3;NGL1;NGL2;NGL3;NOP53;PAN2;POL2;POL3;POL31;POL32;POP2;REX2;REX3;REX4;RNH70;RRP4;RRP40;RRP42;RRP43;RRP45;RRP46;RRP6;SKI6;SSD1;SUV3;USB1;YBL055C
kinetochore binding,AFT1;MPS1;SCC2;SCC4;STU1
poly(A) RNA polymerase activity,AIR1;AIR2;PAP1;PAP2;TRF5
lysophosphatidic acid acyltransferase activity,ALE1;CLD1;ECM18;ICT1;LOA1;SLC1;TGL4;TGL5
xenobiotic transmembrane transporter activity,AQR1;ERC1;FLR1;PDR18;PDR5;QDR2;SGE1;SNQ2;VMR1;YDR338C;YOR1
translation release factor activity,MRF1;PTH4;RRF1;RSO55;SUP35;SUP45
"acyltransferase activity, acyl groups converted into alkyl on transfer",CIT1;CIT2;CIT3;DAL7;ERG13;LEU4;LEU9;LYS20;LYS21;MLS1
N-methyltransferase activity,ABD1;BMT5;BMT6;BRE2;CHO2;CTM1;DIM1;DOT1;EFM1;EFM2;EFM3;EFM4;EFM5;EFM6;HMT1;HPM1;HSL7;MRM1;NNT1;NOP1;OPI3;RKM1;RKM2;RKM3;RKM4;RMT2;SDC1;SET1;SET2;SFM1;SHG1;SPP1;SWD1;SWD2;SWD3;TRM1;TRM11;TRM112;YKL162C;YMR265C
"RNA exonuclease activity, producing 5'-phosphomonoesters",CCR4;CSL4;DIS3;DSS1;DXO1;LAS1;LRP1;MTR3;NGL1;NGL2;NGL3;NOP53;PAN2;POP2;RAT1;REX2;REX3;RNH70;RRP17;RRP4;RRP40;RRP42;RRP43;RRP45;RRP46;RRP6;SKI6;SSD1;SUV3;USB1;XRN1;YSH1
microtubule motor activity,ARP1;ARP10;CIK1;CIN8;DYN1;DYN2;DYN3;JNM1;KAR3;KIP1;KIP2;KIP3;NIP100;PAC11;SMY1
acid phosphatase activity,CTO1;DET1;DIA3;LTP1;PHO11;PHO12;PHO3;PHO5;YER134C
polyubiquitin modification-dependent protein binding,CDC48;CUE2;CUE3;CUE5;DDI1;DOA1;DSK2;ENT1;ENT2;NPL4;RAD23;RPN10;RQT4;SHP1;UFD1;VPS27
RNA guanylyltransferase activity,CEG1;THG1
structural constituent of cytoskeleton,ACT1;ARC35;ARP1;ARP10;CDC10;CDC11;CDC12;CDC3;CNM67;FIN1;JNM1;MHP1;SHS1;SPC110;SPC29;SPC42;TUB1;TUB2;TUB3;TUB4
snoRNA binding,BCD1;BMS1;BUD21;CDC4;DBP2;DIP2;ENP1;GAR1;IMP3;IMP4;KRE33;NAN1;NHP2;NOP10;NOP14;NOP56;NOP58;NOP6;RRP5;RRP9;SNU13;TSR1;UTP10;UTP13;UTP15;UTP25;UTP6;UTP8;UTP9
G protein-coupled receptor binding,GPA1;GPA2
structural constituent of nuclear pore,ASM4;MLP1;MLP2;NDC1;NIC96;NSP1;NUP1;NUP100;NUP116;NUP120;NUP133;NUP145;NUP157;NUP159;NUP170;NUP188;NUP192;NUP2;NUP42;NUP49;NUP53;NUP57;NUP60;NUP82;NUP84;NUP85;POM152;POM34;SEH1
TFIIH-class transcription factor complex binding,GAL11;MED11;TFA1;TFA2
nucleobase transmembrane transporter activity,DAL4;FCY2;FCY21;FCY22;FUI1;FUN26;FUR4;NRT1;THI7;THI72
spermidine transmembrane transporter activity,DUR3;SAM3;TPO1;TPO4
protein-folding chaperone binding,AHA1;APJ1;BTN2;CDC37;CNS1;CUR1;DJP1;EFT1;EFT2;HCH1;HSP10;HSP104;HSP60;IDS2;JAC1;JEM1;MGE1;SBA1;SCJ1;SGT1;SIS1;SNL1;STI1;TAH1;TCM62;TIM44;VSB1;XDJ1;YDJ1;YKE2;ZIM17;ZUO1
actin lateral binding,TPM1;TPM2
myosin tail binding,BBC1;BNI5
single-stranded DNA helicase activity,DNA2;MCM2;MCM3;MCM4;MCM5;MCM6;MCM7;MGS1;RAD18;RAD6
phosphorus-oxygen lyase activity,CYR1;RAS1;RNY1
CoA carboxylase activity,ACC1;DUR12;HFA1
potassium:proton antiporter activity,KHA1;NHX1;VCX1;VNX1
superoxide-generating NAD(P)H oxidase activity,AIM14;FRE7
ubiquinone binding,COQ10;POR1;SDH4;SHH4
lipid transporter activity,AIM25;ATG9;AUS1;CDC50;CSR1;DNF1;DNF2;DNF3;DRS2;FAT1;HES1;KES1;LAM1;LAM4;LAM5;LAM6;LEM3;MDM12;MDM35;MMM1;NEO1;NVJ2;OSH2;OSH3;OSH6;OSH7;PDR16;PDR17;PXA1;PXA2;RSB1;SEC14;SFH5;SWH1;UPS1;UPS2;UPS3;VPS13;YSP2
monooxygenase activity,BNA4;CAT5;COQ6;DIT2;ERG1;ERG11;ERG25;ERG5;FMO1;HMX1;LIA1;SCS7;YJR149W
deaminase activity,AAH1;AMD1;CDD1;DCD1;FCY1;GUD1;HMF1;MMF1;RIB2;TAD1;TAD2;TAD3
phosphofructokinase activity,FBP26;PFK1;PFK2;PFK26;PFK27;YLR345W
ribosomal small subunit binding,NAM7;RLI1;SUI1;TIF11;TIF3
translation termination factor activity,MRF1;NEW1;PTH4;RRF1;RSO55;SUP35;SUP45
TFIIB-class transcription factor binding,ADR1;RGR1
cyclohydrolase activity,ADE16;ADE17;ADE3;FOL2;HIS4;MIS1;RIB1
phosphatidylcholine transporter activity,DNF1;DNF2;DNF3;DRS2;LEM3;SEC14
L-tyrosine transmembrane transporter activity,AVT1;AVT3;AVT4;AVT5;AVT6;AVT7;TAT3
CoA-ligase activity,ACS1;ACS2;BIO1;BIO7;FAA1;FAA2;FAA3;FAA4;FAT1;PCS60
myo-inositol transmembrane transporter activity,CIN10;ITR1;ITR2;YFL040W
L-tryptophan transmembrane transporter activity,TAT1;TAT2
dipeptide transmembrane transporter activity,DAL5;PTR2
sulfate transmembrane transporter activity,DIC1;OAC1;SOA1;SUL1;SUL2;YPR003C
adenylyltransferase activity,AIR1;AIR2;APA1;APA2;CAB4;CCA1;FAD1;FMP40;MET3;NMA1;NMA2;PAP1;PAP2;POF1;TRF5;UBA4
acid-thiol ligase activity,ACS1;ACS2;BIO1;BIO7;FAA1;FAA2;FAA3;FAA4;FAT1;LSC1;LSC2;PCS60
RNA polymerase III transcription regulatory region sequence-specific DNA binding,BRF1;PZF1;SPT15;TFC1;TFC3;TFC4;TFC6;TFC7;TFC8
triplex DNA binding,CTR9;STM1
NAD-dependent histone H4K16 deacetylase activity,HST1;SIR2
glycerophospholipid flippase activity,DNF1;DNF2;DNF3;DRS2;LEM3;NEO1
cyclosporin A binding,CPR1;CPR2;CPR3;CPR4;CPR5;CPR6;CPR7;CPR8
inorganic anion transmembrane transporter activity,ARR3;ATR1;ATR2;BOR1;DIC1;FEX1;FEX2;GEF1;IST2;OAC1;SOA1;SSU1;SUL1;SUL2;SYG1;VHC1;YCR023C;YHL008C;YPR003C
misfolded protein binding,DER1;DFM1;HSP78;JEM1;MGR1;MGR3;RCI50;SIS1
sulfurtransferase activity,BIO2;ISD11;LIP5;NCS2;NFS1;RDL1;RDL2;SLM3;TUM1;UBA4;YCH1
SAM domain binding,STE11;STE50
dTTP diphosphatase activity,HAM1;YOR111W
SNARE binding,ATG11;ATG17;ATG29;BOS1;BTN2;COY1;DDI1;PEP12;RCY1;SEC1;SEC17;SEC18;SEC24;SEC6;SEC9;SED5;SFB2;SFB3;SLY1;SNC1;SNC2;SPO20;SRO7;SRO77;SSO1;SSO2;SYN8;TLG1;TLG2;VAM3;VAM7;VPS38;VPS45;VPS52;VPS54;VTI1;YAP1801;YAP1802;YPT1
"oxidoreductase activity, acting on paired donors, with oxidation of a pair of donors resulting in the reduction of molecular oxygen to two molecules of water",ERG3;ERG5;OLE1;SUR2
glutathione peroxidase activity,GPX1;GPX2;GRX1;GRX2;GTT1;HYR1;URE2
phosphatidylserine flippase activity,DNF2;DNF3;DRS2
mRNA 3'-UTR AU-rich region binding,HEK2;JSN1;PUF2;ZTA1
MAP kinase tyrosine/serine/threonine phosphatase activity,MSG5;SDP1
ATP-dependent DNA damage sensor activity,DMC1;MLH1;MLH2;MLH3;MSH1;MSH2;MSH3;MSH4;MSH5;MSH6;PMS1;RAD51;RAD55;RAD57
mRNA methyltransferase activity,ABD1;IME4;KAR4;MUM2;SLZ1;VIR1
ribonuclease inhibitor activity,NOP8;PAB1
succinyltransferase activity,HEM1;IRC15;KGD1;KGD2;KGD4;LPD1
5'-3' DNA exonuclease activity,DIN7;EXO1;EXO5;HNT3;PSO2;TRM2;YEN1
membrane insertase activity,COX18;GET1;GET2;OXA1
NADPH dehydrogenase activity,DIT2;OYE2;OYE3
"racemase and epimerase activity, acting on amino acids and derivatives",DCG1;SRY1
neutral L-amino acid transmembrane transporter activity,AGP1;AQR1;AVT1;AVT3;AVT4;GAP1;GNP1;HEM25;MUP1;PUT4;QDR2;QDR3;YCT1;YMC1
"DNA endonuclease activity, producing 3'-phosphomonoesters",MMS4;MUS81;RAD55;SLX1;YEN1
organophosphate ester transmembrane transporter activity,AAC1;AAC3;ANT1;FLC1;FLC2;FLC3;FLX1;GGC1;GIT1;LEU5;MRX21;ODC1;ODC2;PET9;PHO91;RIM2;SAL1;SLY41;TPC1;YBR219C;YBR220C;YEA6;YIA6;YJL193W
osmosensor activity,HKR1;MSB2;SHO1;SLN1
efflux transmembrane transporter activity,AQR1;ATR1;ATR2;BOR1;QDR1;QDR2;QDR3
nucleosomal DNA binding,DPB4;HHO1;RAP1;SNF2
K48-linked polyubiquitin modification-dependent protein binding,CUE5;DOA1;DSK2;ENT2;NPL4;RAD23;RPN10;SHP1;VPS27
CDP-alcohol phosphatidyltransferase activity,CHO1;CPT1;EPT1;PGS1;PIS1
acid-ammonia (or amide) ligase activity,ACS1;ACS2;DPH6;GLN1
phosphatase regulator activity,BUD14;CDC48;CDC55;CNB1;GAC1;GIP1;GIP2;GIP3;GIP4;GLC8;ICE2;IGO1;IGO2;NET1;PIG1;PIG2;PSY2;PSY4;PTC5;PTC6;RCN1;REG1;REG2;RRD1;RRD2;RTS1;SAP155;SAP185;SAP190;SAP4;SDS22;SDS23;SDS24;SHP1;SIS2;SPO7;TFG1;TOF2;TPD3;VHS3;YPI1;ZDS1
oxaloacetate decarboxylase activity,MAE1;YER010C
glyceraldehyde-3-phosphate dehydrogenase (NAD+) (non-phosphorylating) activity,ALD2;ALD3;HFD1
calcium-dependent phospholipid binding,TCB1;TCB3
"ATPase activity, coupled to transmembrane movement of ions, rotational mechanism",ATP2;ATP3;ATP4;STV1;VMA1;VMA10;VMA11;VMA13;VMA16;VMA2;VMA3;VMA4;VMA5;VMA6;VMA7;VMA8;VMA9;VPH1
polyprenyltransferase activity,COQ2;RER2;SRT1
threonine-type endopeptidase activity,PRE2;PRE3;PUP1
"hydroxymethyl-, formyl- and related transferase activity",ADE16;ADE17;ADE8;ECM31;FMT1;GCV1;SHM1;SHM2
glucosidase activity,ACF2;BGL2;CWH41;DSE2;DSE4;EGH1;EXG1;EXG2;GDB1;GTB1;HPF1;IMA1;IMA2;IMA3;IMA4;IMA5;KRE6;MAL12;MAL22;MAL32;MAL42;MAL62;MRX18;ROT2;SCW10;SCW11;SCW4;SGA1;SKN1;SPR1;SUC2;SUN4;YMR196W
metal cation:monoatomic cation antiporter activity,KHA1;NHA1;NHX1;VCX1;VNX1
"catalytic activity, acting on a rRNA",BMT2;BMT5;BMT6;BUD23;DIM1;EMG1;MRM1;MRM2;NOP1;NOP2;RCM1;RRP8;SPB1;TRM112;TSR3;YMR265C
protein-transporting ATPase activity,SBH1;SEC61;SSS1;TOM70
3'-5'-RNA exonuclease activity,CCR4;CSL4;DIS3;DSS1;LRP1;MTR3;NGL1;NGL2;NGL3;NOP53;PAN2;POP2;REX2;REX3;RNH70;RRP4;RRP40;RRP42;RRP43;RRP45;RRP46;RRP6;SKI6;SSD1;SUV3;USB1
DNA translocase activity,ISW2;RAD54;RDH54;RTT102;SSL2;STH1
cytidylyltransferase activity,CCA1;CDS1;ECT1;PCT1;TAM41
U6 snRNA binding,CRM1;CWC2;ECM2;LSM4;MEX67;PRP24;PRP4;PRP8;SNR14;SPT5
phosphatase binding,CNB1;CSS1;GAC1;GIP1;GIP2;GIP3;GIP4;PIG1;PIG2;RCN1;SAP155;SAP185;SAP190;SAP4;SCD5;TAP42;WHI2;YPI1
dihydrolipoyllysine-residue acetyltransferase activity,LAT1;PDX1
fructose transmembrane transporter activity,HXT1;HXT10;HXT11;HXT13;HXT15;HXT16;HXT17;HXT2;HXT3;HXT4;HXT5;HXT6;HXT7;HXT8;HXT9
ubiquitin-protein transferase inhibitor activity,ACM1;MND2;TYC1
protein-glutamine N-methyltransferase activity,NOP1;YMR265C
cytoskeletal motor activity,ARP1;ARP10;CIK1;CIN8;DYN1;DYN2;DYN3;JNM1;KAR3;KIP1;KIP2;KIP3;MLC2;MYO1;MYO2;MYO3;MYO4;MYO5;NIP100;PAC11;SMY1
RNA polymerase I general transcription initiation factor activity,RRN10;RRN11;RRN3;RRN5;RRN9;UAF30
U1 snRNA binding,CRM1;MEX67;MUD1;PRP8;SNP1;SPT5;YHC1
tRNA pseudouridine synthase activity,DEG1;PUS2;PUS4;PUS6;PUS7;PUS9;RIB2
"oxidoreductase activity, acting on the CH-NH2 group of donors",GCV1;GCV2;GCV3;GDH1;GDH2;GDH3;GLT1;LPD1;PDX3;YGR017W
chloride transmembrane transporter activity,GEF1;IST2;VHC1;YCR023C
chloride channel activity,GEF1;IST2;YCR023C
cadmium ion transmembrane transporter activity,BPT1;PCA1;SMF1;SMF2;SMF3;YCF1;YOR1
NADP binding,ARG56;CBS2;DFR1;FMO1;GLR1;GND1;GND2;HOM2;HOM6;NCP1;PAN5;PRO2;RIB7;TAH18;TDH1;TDH2;TDH3;TYR1;ZTA1;ZWF1
tricarboxylate secondary active transmembrane transporter activity,CTP1;MRX20;YHM2
ABC-type xenobiotic transporter activity,PDR18;PDR5;SNQ2;VMR1;YOR1
microtubule plus end polymerase,KIP2;STU2
octanoyltransferase activity,EEB1;LIP2
C-methyltransferase activity,COQ3;COQ5;ERG6;MET1;NOP2;RCM1
"hydrolase activity, acting on carbon-nitrogen (but not peptide) bonds, in cyclic amides",CPA2;DAL1;OXP1;URA2;URA4
tRNA (uracil-2'-O-)-methyltransferase activity,TRM3;TRM44
melatonin binding,ADH1;ENO1;ENO2;FBA1;PYK2;TDH1;TDH2;TDH3;TEF1;TEF2
DNA nuclease activity,APN1;APN2;CCE1;DIN7;DNA2;DPB3;DPB4;ESC2;EXO1;EXO5;HNT3;MKT1;MMS4;MRE11;MRS1;MUS81;NUC1;POL2;POL3;POL31;POL32;PSO2;RAD1;RAD10;RAD2;RAD27;RAD55;RFA1;SAE2;SLX1;SLX4;TRM2;YBL055C;YEN1
oxidized pyrimidine nucleobase lesion DNA N-glycosylase activity,NTG1;NTG2
SUMO ligase activity,MMS21;NFI1;SIZ1;WSS1
metalloexopeptidase activity,AAP1;APE1;APE2;APE3;APE4;CPS1;DUG1;ECM14;FRA1;ICP55;MAP1;MAP2;PFF1;TMA108;YDR415C;YFR006W;YOL057W;YOL153C
RNA polymerase II complex recruiting activity,DST1;SRB4;SUA7
single-stranded DNA 3'-5' DNA exonuclease activity,DPB3;DPB4;POL2;POL31;POL32
1-phosphatidylinositol-3-kinase activity,ARG82;ATG14;ATG18;ATG38;FAB1;FIG4;VAC14;VAC7;VPS15;VPS30;VPS34;VPS38
alpha-mannosidase activity,AMS1;DCW1;DFG5;MNL1;MNL2;MNS1
dihydroorotase activity,CPA2;URA2;URA4
beta-glucosidase activity,ACF2;BGL2;DSE4;EGH1;EXG1;EXG2;MRX18;SCW10;SCW11;SCW4;SPR1
omega peptidase activity,DUG1;DUG2;DUG3;ECM38
glutathione disulfide oxidoreductase activity,ECM4;GLR1;GRX1;GRX2;GRX6;GRX7;GRX8;GTO1
diacylglycerol cholinephosphotransferase activity,CPT1;EPT1
cyclin-dependent protein serine/threonine kinase regulator activity,BUR2;CCL1;CDC6;CIP1;CKS1;CLB1;CLB2;CLB3;CLB4;CLB5;CLB6;CLG1;CLN1;CLN2;CLN3;CTK2;CTK3;FAR1;PCL1;PCL10;PCL2;PCL5;PCL6;PCL7;PCL8;PCL9;PHO80;PHO81;SIC1;SPL2;SSN8;TFB3
acetyl-CoA hydrolase activity,ACH1;EAT1
second spliceosomal transesterification activity,CDC40;CEF1;CLF1;CUS1;CWC15;CWC2;CWC22;CWC27;ECM2;FAL1;HSH155;ISY1;LSM2;LSM3;LSM7;PRP11;PRP16;PRP18;PRP21;PRP22;PRP28;PRP45;PRP46;PRP6;PRP8;SLU7;SMB1;SMD1;SMD2;SMD3;SMX2;SMX3;SNR7-L;SNR7-S;SNU114;SYF1;SYF2;YJU2
"oxidoreductase activity, acting on a sulfur group of donors",ECM4;EPS1;ERO1;ERV1;ERV2;EUG1;GLR1;GRX1;GRX2;GRX3;GRX4;GRX5;GRX6;GRX7;GRX8;GTO1;IRC15;KGD1;KGD2;KGD4;LPD1;MET10;MET16;MET5;MIA40;MPD1;MPD2;MXR1;MXR2;OST3;OST6;PDI1;SOD1;SRX1;TRR1;TRR2;TRX1;TRX2;TRX3;YBP1;YKL069W
butanol dehydrogenase activity,ADH1;ADH2;ADH3
"phosphatidylinositol-3,5-bisphosphate phosphatase activity",FIG4;INP51;INP52;INP53;SAC1
G protein activity,RAS1;RAS2;RSR1
cysteine-type deubiquitinase activity,ADA2;CHD1;DOA4;GCN5;HFI1;MIY2;NGG1;OTU1;OTU2;RPN11;SGF11;SGF29;SGF73;SPT20;SPT3;SPT7;SPT8;SUS1;TAF10;TAF12;TAF5;TAF6;TAF9;TRA1;UBP1;UBP10;UBP11;UBP12;UBP13;UBP14;UBP15;UBP16;UBP2;UBP3;UBP5;UBP6;UBP7;UBP8;UBP9;YGL082W;YUH1
3-oxoacyl-[acyl-carrier-protein] reductase (NADPH) activity,FAS2;OAR1
antiporter activity,AAC1;AAC3;AGC1;ARR3;BOR1;CRC1;DIC1;ERC1;GDT1;GEX1;GEX2;HVG1;KHA1;NHA1;NHX1;ODC1;ODC2;PET9;SAL1;SFC1;SLY41;TPO1;TPO2;TPO3;TPO4;VCX1;VNX1;VRG4;YDR338C;YHK8;YJL193W;YMD8
phospholipid transporter activity,AIM25;ATG9;CDC50;CSR1;DNF1;DNF2;DNF3;DRS2;LEM3;MDM35;NEO1;PDR16;PDR17;SEC14;SFH5;UPS1;UPS2;UPS3;VPS13
intramembrane lipid transporter activity,AIM25;ATG9;CDC50;DNF1;DNF2;DNF3;DRS2;LEM3;NEO1
basal RNA polymerase II transcription machinery binding,ADR1;BDF1;BDF2;CDC28;CDC73;CTR9;DST1;ELF1;ESS1;GAL11;LEO1;MED11;NPL3;PAF1;PCF11;PDP3;RAP1;RGR1;RTF1;RTT103;SPN1;SPT4;SPT5;SRB2;SRB4;SUA7;TAF1;TFA1;TFA2;TFB3;TFB5;TFG1;TFG2
ubiquitin ligase inhibitor activity,MND2;TYC1
RNA strand annealing activity,DED1;MSS116;TIF3
pyrimidine nucleoside transmembrane transporter activity,FCY2;FUI1
mannose binding,EMP46;EMP47;FLO1;FLO10;FLO5;FLO9;UIP5
"alpha-1,4-glucosidase activity",GTB1;IMA1;IMA2;IMA3;IMA4;IMA5;MAL12;MAL22;MAL32;MAL42;MAL62
enoyl-CoA hydratase activity,FOX2;PHS1
minor groove of adenine-thymine-rich DNA binding,DAT1;SMC1;SMC2
cyclin-dependent protein serine/threonine kinase activity,BUR2;CAK1;CCL1;CDC28;CDC6;CIP1;CKS1;CLB1;CLB2;CLB3;CLB4;CLB5;CLB6;CLG1;CLN1;CLN2;CLN3;CTK1;CTK2;CTK3;FAR1;KDX1;KIN28;PCL1;PCL10;PCL2;PCL5;PCL6;PCL7;PCL8;PCL9;PHO80;PHO81;PHO85;PTC3;SGV1;SIC1;SPL2;SSN3;SSN8;TFB3
"oxidoreductase activity, acting on NAD(P)H, quinone or similar compound as acceptor",AIF1;LOT6;NDE1;NDE2;NDI1;PST2;YCP4;ZTA1
6-carboxyhexanoate-CoA ligase activity,BIO1;BIO7
identical protein binding,ARG8;CAR2;DNM1;GPD1;GPD2;MGE1;PFK1;PFK2;RVS167;SLA1;TBF1;URA7;URA8;VPS25
amidine-lyase activity,ADE13;ARG4;DAL3;GCG1
cysteine-S-conjugate beta-lyase activity,CYS3;IRC7;STR3
ADP binding,ATP1;HSP104;PGK1
3'-5' RNA helicase activity,AIR2;MTR4;PAP2;PRP16
holo-[acyl-carrier-protein] synthase activity,FAS2;LYS5;PPT2
"alpha,alpha-trehalose-phosphate synthase (UDP-forming) activity",TPS1;TPS2;TPS3;TSL1
1-acylglycerol-3-phosphate O-acyltransferase activity,ALE1;ICT1;LOA1;SLC1
amino acid binding,ARG3;GCV2;SHM1;SHM2;URA2;VSB1
cysteine-type endopeptidase activity,ESP1;GAA1;GAB1;GPI16;GPI17;GPI8;LAP3;MCA1;RFU1;RIM13
L-arginine transmembrane transporter activity,AVT5;AVT6;AVT7;CAN1
Glc3Man9GlcNAc2 oligosaccharide glucosidase activity,CWH41;ROT2;YMR196W
mitochondrion targeting sequence binding,ACL4;TIM22;TIM23;TIM50;TOM20;TOM70;TOM71
K63-linked polyubiquitin modification-dependent protein binding,CUE2;CUE3;CUE5;ENT1;ENT2;RQT4;VPS27
RNA polymerase I general transcription initiation factor binding,RRN3;RRN6;SPT15;SPT5
polyol transmembrane transporter activity,AQY3;CIN10;FPS1;ITR1;ITR2;YFL040W
rDNA binding,CHD1;FOB1;ISW1;NET1;POL5;PZF1;RRN3;SNF2;SNF6;SPT4;TFC1;TFC3;TFC4;TFC6;TFC7;TFC8;TOF2
"mannosyl-oligosaccharide 1,2-alpha-mannosidase activity",MNL1;MNL2;MNS1
splicing factor binding,SME1;SMX3
pre-mRNA branch point binding,LSR1;MSL5;MUD2
calcium:monoatomic cation antiporter activity,VCX1;VNX1
RNA polymerase II general transcription initiation factor activity,BUR6;HOT1;NCB2;SPT15;SUA7;TAF1;TAF10;TAF13;TAF14;TAF2;TAF4;TAF5;TAF6;TAF7;TAF8;TAF9;TFB4;TFG1;TOA2
guanine/thymine mispair binding,MSH1;MSH2;MSH6
RNA polymerase core enzyme binding,BRF1;CDC28;CDC73;CTR9;DST1;ELF1;ESS1;LEO1;MAF1;NPL3;PAF1;PCF11;PDP3;RRN3;RTF1;RTR1;RTR2;RTT103;SPN1;SPT4;SPT5;SRB4;SUA7;TFA1;TFA2;TFB3;TFB5;TFG2
"ligase activity, forming carbon-oxygen bonds",AIM10;ALA1;CDC60;CRS1;DED81;DIA4;DPS1;FRS1;FRS2;GLN4;GRS1;GRS2;GUS1;HTS1;ILS1;ISM1;KRS1;MES1;MSD1;MSE1;MSF1;MSK1;MSM1;MSR1;MST1;MSW1;MSY1;NAM2;SES1;SLM5;THS1;TYS1;VAS1;WRS1;YDR341C;YHR020W;YNL040W
box H/ACA snoRNA binding,GAR1;NHP2;RRP5
sterol desaturase activity,ERG3;ERG5
protein kinase inhibitor activity,BCY1;CDC6;CIP1;CKB1;CKB2;FAR1;GPB1;GPB2;ISC10;LRE1;MMS21;PHO81;SIC1;SPL2;TPK1;TPK2;TPK3;YIH1
microtubule plus-end binding,ASK1;BIM1;DAD1;DAD2;DAD3;DAD4;DAM1;DUO1;HSK3;NDL1;PAC1;SPC19;SPC34;SPC72;STU2
myosin binding,BBC1;BNI5;HOF1;IQG1;MLC1;MLC2;MYO1;PEA2;SHE4;SRO7;SRO77;YPT11
anaphase-promoting complex binding,AMA1;CDC20;CDH1;MRC1;TYC1
TFIID-class transcription factor complex binding,ADR1;BDF1;BDF2;RAP1;SRB2
double-stranded DNA 3'-5' DNA exonuclease activity,APN1;APN2
alcohol dehydrogenase (NAD+) activity,ADH1;ADH2;ADH3;ADH4;ADH5;GRE2;OSI1;SFA1
copper ion binding,CCC2;CCS1;CMC1;COA6;COX11;COX17;COX19;COX2;CRS5;CUP1-1;CUP1-2;CUP2;FET3;FET5;GMC1;HAA1;MAC1;MF(ALPHA)1;MF(ALPHA)2;PCA1;SCO1;SCO2;SOD1
U2 snRNA binding,CRM1;CUS2;LEA1;MEX67;MSL1;PRP8;RSE1;SPT5
RNA polymerase I core promoter sequence-specific DNA binding,RRN11;RRN7
carbon-oxygen lyase activity,ACO1;ACO2;ARO1;ARO2;CYS4;DDI2;DDI3;ENO1;ENO2;ERR1;ERR2;ERR3;FAS1;FOX2;FUM1;HEM2;HEM4;HIS3;HSP31;HSP32;HSP33;HSU1;HTD2;ILV3;LEU1;LYS4;MCO14;MDE1;MET17;NCE103;NNR2;NTG1;NTG2;OGG1;PAP2;PDH1;PHA2;PHS1;PUS5;SNO4;TCD1;TCD2;THR4;TRP5
phosphatidylcholine binding,NPC2;PCT1;YKL091C
serine-type endopeptidase inhibitor activity,PBI2;TFS1
sterol transfer activity,HES1;KES1;LAM4;LAM5;LAM6;OSH2;OSH3;OSH6;OSH7;SWH1;YSP2
phospholipase C activity,ISC1;PGC1;PLC1
minus-end-directed microtubule motor activity,CIK1;CIN8;DYN1;KAR3
ribonuclease MRP activity,NME1;POP1;POP3;POP4;POP5;POP6;POP7;POP8;PSP2;RMP1;RPP1;SNM1
gated channel activity,CCH1;CSC1;CSG2;GEF1;MID1;PHM7;POR1;POR2;RSN1;SPO75;TOK1;YVC1
ATP-dependent protein folding chaperone,CCT2;CCT3;CCT4;CCT5;CCT6;CCT7;CCT8;ECM10;HSC82;HSP60;HSP82;KAR2;LHS1;SSA1;SSA2;SSA3;SSA4;SSB1;SSB2;SSC1;SSE1;SSE2;SSQ1;SSZ1;TCM62;TCP1
transcription coactivator activity,ADA2;ADR1;BUR6;CSE2;CYC8;DAL81;FKH2;FUN19;GAL11;HAP4;HFI1;HMLALPHA1;IFH1;IMP21;MATALPHA1;MBF1;MED11;MED2;MED6;MED7;MET4;NCB2;NDD1;NGG1;NRS1;PGD1;ROX3;RPD3;RQT4;SGF11;SIN3;SOH1;SRB2;SRB5;SRB7;SRB8;SSN2;STB1;SUB1;SUS1;SWI6;TAF11;TAF6;TAF9;YOR338W
aspartate carbamoyltransferase activity,CPA2;URA2
nucleocytoplasmic carrier activity,CRM1;CSE1;KAP104;KAP114;KAP120;KAP122;KAP123;KAP95;MSN5;NMD5;NTF2;OPI10;PSE1;RTT105;SRP1;SXM1
single-stranded RNA binding,DBP1;DED1;GIS2;MIP6;MPP6;MSS116;MTR4;MUD2;NAB2;NPL3;PAB1;PAN3;PES4;PUB1;RPB4;RPB7;RRP5;RRP6;SGN1;SMX3;SPT4;SPT5;TIF3;TPA1
endoplasmic reticulum signal peptide binding,SRP14;SRP54;SRP68
ethanolamine kinase activity,CKI1;EKI1
preribosome binding,RIX7;RRP17;YVH1
"phosphatidylinositol-3,4-bisphosphate binding",OSH6;SLA2;SSO1
oxysterol binding,HES1;KES1
protein-disulfide reductase (glutathione) activity,EPS1;EUG1;MPD1
ornithine decarboxylase activity,OAZ1;SPE1
histidine phosphotransfer kinase activity,SLN1;YPD1
eukaryotic initiation factor 4E binding,CAF20;EAP1
"oxidoreductase activity, acting on the CH-OH group of donors, cytochrome as acceptor",CYB2;DLD1;DLD2;DLD3
formate dehydrogenase (NAD+) activity,FDH1;FDH2;YPL276W
mismatched DNA binding,HNT3;MLH1;MLH2;MLH3;MSH1;MSH2;MSH3;MSH4;MSH5;MSH6;NHP10;PMS1
heteroduplex DNA loop binding,MLH2;MSH2;MSH3;NHP10;PMS1
tRNA dihydrouridine synthase activity,DUS1;DUS3;DUS4;SMM1
protein phosphatase activator activity,PSY2;RRD1;RRD2;SDS22;TFG1;YPI1
myosin heavy chain binding,BBC1;BNI5;HOF1;IQG1;MLC1;MLC2
"endonuclease activity, active with either ribo- or deoxyribonucleic acids and producing 3'-phosphomonoesters",MMS4;MUS81;RAD55;SEN15;SEN2;SEN34;SEN54;SLX1;YEN1
carbohydrate derivative transmembrane transporter activity,AAC1;AAC3;ANT1;FCY2;FUI1;FUN26;GIT1;HUT1;HVG1;JEN1;LEU5;MAL11;MAL31;MRX21;NRT1;ODC1;ODC2;PET9;PHO91;SAL1;THI7;THI72;VRG4;YBR219C;YBR220C;YEA4;YMD8
steroid dehydrogenase activity,DFG10;ERG26;GRE2
myosin phosphatase activity,CMP2;CNA1;FCP1;GLC7;NEM1;PPG1;PPH21;PPH22;PPH3;PPQ1;PPS1;PPT1;PPZ1;PPZ2;PTC1;PTC2;PTC3;PTC4;PTC6;PTC7;RTR1;RTR2;SIT4;SSU72
serine-type endopeptidase activity,DAP2;IMP1;IMP2;KEX2;NMA111;PBI2;PCP1;PIM1;PRB1;RBD2;RRT12;SEC11;SSY5;TFS1;YSP3
ferric iron binding,FET3;FTH1;FTR1;GMC1;YFH1
mRNA regulatory element binding translation repressor activity,PUF6;SSD1
ATP-dependent chromatin remodeler activity,CHD1;FUN30;INO80;IRC20;IRC5;ISW1;ISW2;MOT1;RAD16;RAD26;RAD5;RAD54;RDH54;SNF2;STH1;SWC3;SWR1;ULS1;VPS72;YTA7
S-adenosyl-L-methionine transmembrane transporter activity,PET8;SAM3
phosphatidylinositol kinase activity,ARG82;ATG14;ATG18;ATG38;FAB1;FIG4;LSB6;MSS4;PIK1;STT4;TOR2;VAC14;VAC7;VPS15;VPS30;VPS34;VPS38
RNA polymerase III general transcription initiation factor activity,BDP1;BRF1;TFC6;TFC7
inositol diphosphate tetrakisphosphate diphosphatase activity,OCA2;SIW14
fatty acid ligase activity,FAA1;FAA2;FAA3;FAA4;FAT1;PCS60
"ATP-dependent activity, acting on RNA",AIR2;BRR2;DBP1;DBP10;DBP2;DBP3;DBP5;DBP6;DBP7;DBP8;DBP9;DED1;DHH1;DHR2;DRS1;ECM16;ECM32;EST3;FAL1;HAS1;HCA4;MAK5;MPH1;MRH4;MSS116;MTR4;NAM7;PAP2;PRP16;PRP2;PRP22;PRP28;PRP43;PRP5;ROK1;RRP3;SEN1;SKI2;SLH1;SPB4;SPP382;SUB2;SUV3;TIF1;TIF2;YLR419W;YRA1
thiol oxidase activity,ERO1;ERV1;ERV2;MIA40
"hydrolase activity, acting on carbon-nitrogen (but not peptide) bonds, in cyclic amidines",AAH1;ADE16;ADE17;ADE3;AMD1;CDD1;DCD1;FCY1;FOL2;GUD1;HIS4;MIS1;RIB1;RIB2;TAD1;TAD2;TAD3
copper ion transmembrane transporter activity,CCC2;CTR1;CTR2;CTR3;FET4;PIC2
rRNA (cytosine-C5-)-methyltransferase activity,NOP2;RCM1
cullin family protein binding,APC11;DCN1;HRT1;SKP1
nucleoside diphosphate phosphatase activity,GDA1;YJR142W;YND1
dioxygenase activity,ADI1;AIM17;BNA1;BNA2;GIS1;JHD1;JHD2;JLP1;MPO1;RPH1;TPA1;YHB1;YJR154W;YNL234W
"oxidoreductase activity, acting on the CH-NH2 group of donors, NAD or NADP as acceptor",GDH1;GDH2;GDH3;GLT1
solute:monoatomic cation symporter activity,CIN10;DAL4;FUR4;GAL2;HXT1;HXT10;HXT11;HXT13;HXT14;HXT15;HXT16;HXT17;HXT2;HXT3;HXT4;HXT5;HXT6;HXT7;HXT8;HXT9;ITR1;ITR2;JEN1;MAL11;MAL31;MPH2;MPH3;PHO84;PHO89;RGT2;SMF1;SNF3;STL1;UGA4;VHC1;YDL199C;YFL040W
NADPH-hemoprotein reductase activity,NCP1;TAH18
clathrin binding,APL1;APL2;APL3;APL4;APM1;APM2;APM4;APS1;CHC1;CLC1;ENT1;ENT2;ENT3;ENT4;ENT5;SLA2;SWA2;UBX3;YAP1801;YAP1802
farnesyltranstransferase activity,BTS1;COX10;ERG9
alpha-glucoside transmembrane transporter activity,MAL11;MAL31
NAD(P)H dehydrogenase (quinone) activity,LOT6;NDE1;NDE2;NDI1;PST2;YCP4
molecular sequestering activity,BTN2;HSP42
SUMO transferase activity,CST9;KRE29;MMS21;NFI1;NSE1;NSE3;NSE4;NSE5;SIZ1;SMC5;SMC6;UBC9;WSS1
protein-(glutamine-N5) methyltransferase activity,MTQ1;MTQ2
signal recognition particle binding,SRP101;SRP102;SRP68
phospholipase A2 activity,CLD1;ECM18;ICT1;LPL1;PLB1;PLB2;PLB3;SPO1;TGL4
macromolecule transmembrane transporter activity,ACL4;BCS1;GET1;GET2;SAM50;SBH1;SEC61;SEC62;SEC63;SEC66;SEC72;SSH1;SSS1;TIM12;TIM17;TIM18;TIM22;TIM23;TIM50;TIM54;TOM20;TOM22;TOM40;TOM5;TOM6;TOM7;TOM70;TOM71;WSC4
Atg8-family ligase activity,ATG12;ATG16;ATG3;ATG5
oligopeptide transmembrane transporter activity,DAL5;MDL1;MDL2;OPT1;OPT2;PTR2;STE6;YGL114W
cyclin-dependent protein serine/threonine kinase inhibitor activity,CDC6;CIP1;FAR1;PHO81;SIC1;SPL2
small GTPase binding,AMN1;BCH1;BNI1;BNR1;BPH1;CHS5;CRM1;CSE1;DCK1;EXO70;GIC1;GIC2;KAP114;KAP120;KAP123;KAP95;LAS17;LOS1;MOG1;MRS6;MTR10;MUK1;MYO2;NMD5;NTF2;NUP2;RNA1;RUD3;SEC15;SEC3;SRO7;STE4;SXM1;VAM6;VPS41;VPS9;YIP4;YIP5;YRB1
"ligase activity, forming carbon-nitrogen bonds",ACC1;ACS1;ACS2;ADE1;ADE12;ADE3;ADE57;ADE6;AIM22;AIM41;ARG1;ASN1;ASN2;BIO3;BIO4;BPL1;CAB2;CPA1;CPA2;DPH6;DUR12;FAU1;FOL3;GLN1;GSH1;GSH2;GTF1;GUA1;HER2;HFA1;MET7;MIS1;NPT1;PAN6;PBY1;PET112;QNS1;RMA1;SNZ2;URA2;URA7;URA8;YML096W
"cytochrome-b5 reductase activity, acting on NAD(P)H",CBR1;IRC21;MCR1;PGA3
wide pore channel activity,MEX67;POR1;POR2;TOM40
heat shock protein binding,APJ1;CDC37;CNS1;ECM10;GAC1;KAR2;MDJ1;SBA1;SCJ1;SHE4;SSA1;SSA2;SSA3;SSA4;SSB1;SSB2;SSC1;SSQ1;SSZ1;STI1;TEL2;XDJ1;YDJ1;ZUO1
glutathione transferase activity,ECM4;GRX1;GRX2;GRX4;GTO1;GTO3;GTT1;GTT2
aminoacyl-tRNA hydrolase activity,PTH1;PTH2;PTH4;RSO55;VMS1
voltage-gated monoatomic cation channel activity,CCH1;TOK1
calmodulin-dependent protein kinase activity,CMK1;CMK2;NNK1;TDA1
alpha-galactosidase activity,MEL1;MEL10;MEL2;MEL3;MEL4;MEL5;MEL6;MEL7;MEL8;MEL9
aldehyde dehydrogenase [NAD(P)+] activity,ALD2;ALD3;ALD4;ALD5;ALD6;HFD1;MSC7;OSI1;YDR541C;YGL039W;YKL107W;YLL056C;YNL134C
sugar-phosphatase activity,DOG1;DOG2;FBP1;FBP26;PFK27;PHO8;YLR345W
UDP-glucosyltransferase activity,ALG5;ATG26;FKS1;FKS3;GLG1;GLG2;GSC2;GSY1;GSY2;KRE5;RHO1;TPS1;TPS2;TPS3;TSL1
damaged DNA binding,HNT3;IXR1;LCD1;MAG1;OGG1;PSO2;RAD1;RAD10;RAD14;RAD16;RAD17;RAD23;RAD3;RAD30;RAD34;RAD4;RAD7;REV1;SMC5;SMC6;YKU70;YKU80
"alpha-1,3-mannosyltransferase activity",ALG2;ALG3;MNN1;MNT2;MNT3;MNT4
proteasome regulatory particle binding,DDI1;NAS6;UBR1;UFD4
metallochaperone activity,ATX1;CCS1;CFD1;COX17;NBP35;SCO1;SCO2;YFH1;ZNG1
"transferase activity, transferring nitrogenous groups",AAT1;AAT2;ABZ1;AGX1;ALT1;ALT2;ARG8;ARO8;ARO9;BAT1;BAT2;BIO3;BNA3;CAR2;GCV1;GFA1;HIS5;SER1;UGA1;YER152C;YMR084W;YMR085W
RNA polymerase II CTD heptapeptide repeat modifying activity,BUR2;CCL1;CTK1;CTK2;CTK3;FCP1;KIN28;RAD3;RTR1;RTR2;SGV1;SSL1;SSL2;SSN3;SSU72;TFB1;TFB2;TFB3;TFB4;TFB5;TFB6
"DNA binding, bending",ABF1;ABF2;CBF2;CEP3;CTF13;FLP1;HMLALPHA1;HMLALPHA2;HMO1;MATALPHA1;MATALPHA2;MCM1;NHP6A;NHP6B;RAP1;RLM1;ROX1;SMP1;SPT15;TFC1;TFC3;TFC4;TFC7;TFC8
allantoate transmembrane transporter activity,DAL5;SEO1
cyclo-ligase activity,ADE57;BIO3;BIO4;FAU1
tRNA-specific adenosine deaminase activity,TAD1;TAD2;TAD3
"ligase activity, forming phosphoric ester bonds",CDC9;DNL4;NEJ1;TRL1
peptide-serine-alpha-N-acetyltransferase activity,ARD1;NAT4;YIR042C
G-protein beta/gamma-subunit complex binding,AKR1;DSE1;GPA1;GPA2;PLP1;PLP2
rRNA (guanine) methyltransferase activity,BUD23;MRM1;SPB1;TRM112
"oxidoreductase activity, acting on peroxide as acceptor",AHP1;CCP1;CTA1;CTT1;DOT5;GPX1;GPX2;GRX1;GRX2;GTT1;HYR1;PRX1;PXP2;TSA1;TSA2;URE2
beta-phosphoglucomutase activity,DOG1;DOG2;GPP1;GPP2
phosphatidylinositol phosphate phosphatase activity,FIG4;INP51;INP52;INP53;INP54;SAC1;TEP1;YMR1
glucose binding,EMI2;GLK1;GPR1;HXK1;HXK2;NGK1;RGT2;SNF3
"intramolecular oxidoreductase activity, transposing C=C bonds",DCI1;ECI1;ERG2;ERG20;IDI1
telomeric G-quadruplex DNA binding,DNA2;RAP1
"oxidoreductase activity, acting on the CH-OH group of donors, quinone or similar compound as acceptor",GPD1;GPD2;GUT2
methylenetetrahydrofolate dehydrogenase [NAD(P)+] activity,ADE3;MIS1;MTD1
phospholipid-hydroperoxide glutathione peroxidase activity,GPX1;GPX2;HYR1
steroid binding,HES1;KES1;LAM4;LAM5;LAM6;NCR1;NPC2;OSH2;OSH3;OSH6;OSH7;PDR16;PRY1;PRY2;SWH1;YSP2
hydroxymethylpyrimidine kinase activity,THI20;THI21;THI22
serine-type carboxypeptidase activity,ATG42;KEX1;PRC1
glucosyltransferase activity,ALG5;ALG6;ALG8;ATG26;DIE2;FKS1;FKS3;GLG1;GLG2;GSC2;GSY1;GSY2;KRE5;RHO1;TPS1;TPS2;TPS3;TSL1
nucleoside kinase activity,ADO1;DAS2;URK1
L-amino acid efflux transmembrane transporter activity,AQR1;QDR2;QDR3
D-ribulokinase activity,MPA43;YDR109C
DNA/RNA helicase activity,DBP1;DBP9;EST3;MPH1;SEN1
acid-amino acid ligase activity,ADE1;CAB2;FOL3;GSH1;GSH2;MET7;PAN6;PBY1;RMA1
"carbon-oxygen lyase activity, acting on phosphates",ARO1;ARO2;THR4
AMP-activated protein kinase activity,GAL83;SIP1;SIP2;SNF1;SNF4;TPK1;TPK2;TPK3
alpha-tubulin binding,ALF1;PAC2
hydro-lyase activity,ACO1;ACO2;ARO1;CYS4;DDI2;DDI3;ENO1;ENO2;ERR1;ERR2;ERR3;FAS1;FOX2;FUM1;HEM2;HEM4;HIS3;HSP31;HSP32;HSP33;HTD2;ILV3;LEU1;LYS4;MCO14;MDE1;NCE103;NNR2;PDH1;PHA2;PHS1;PUS5;SNO4;TCD1;TCD2;TRP5
dicarboxylic acid transmembrane transporter activity,AGC1;AVT6;BPT1;DIC1;DIP5;OAC1;ODC1;ODC2;SFC1;YCF1
sterol transporter activity,AUS1;HES1;KES1;LAM1;LAM4;LAM5;LAM6;OSH2;OSH3;OSH6;OSH7;SWH1;YSP2
2-aminoadipate transaminase activity,ARO8;ARO9;BNA3;YER152C
GTPase activating protein binding,GPB1;GPB2
"phosphatidylinositol-4,5-bisphosphate binding",AVO1;EXO70;GIC2;KES1;NUM1;OPY1;PFY1;RGD1;ROM2;SEC3;SLM1;SPO20;SSO1;STE5;YAP1801;YAP1802
phosphatidylinositol phosphate 4-phosphatase activity,INP52;INP53;SAC1
"phosphatidylinositol-3,5-bisphosphate 5-phosphatase activity",FIG4;INP51;INP52;INP53
ATPase binding,STF1;STV1;VPH1
UDP-glycosyltransferase activity,ALG13;ALG14;ALG5;ATG26;CHS1;CHS2;CHS3;ERI1;FKS1;FKS3;GLG1;GLG2;GNT1;GPI1;GPI15;GPI19;GPI2;GSC2;GSY1;GSY2;KRE5;RHO1;SPT14;TPS1;TPS2;TPS3;TSL1
enzyme-substrate adaptor activity,EAR1;GAL83;SIP1;SIP2;SSH4
fumarate reductase (NADH) activity,FRD1;OSM1
manganese ion binding,CAR1;DCP2;ICP55;MRE11;PCD1;RRP40;SOD2;YFR006W
chitin binding,BGL2;CDA1;CDA2;CTS1;CTS2
actin filament binding,ABP1;ABP140;AIM21;AIP1;ARC15;ARC18;ARC19;ARC35;ARC40;ARP2;ARP3;CAP1;CAP2;COF1;CRN1;HOF1;IQG1;LSB3;MYO1;MYO2;MYO3;MYO4;MYO5;SAC6;SCP1;SLA2;TDA2;TEF1;TEF2;TPM1;TPM2;TWF1;VPS1;YSC84
"oxidoreductase activity, acting on a sulfur group of donors, oxygen as acceptor",ERO1;ERV1;ERV2;MIA40;SOD1
beta-fructofuranosidase activity,IMA1;IMA2;IMA3;IMA4;IMA5;MAL12;MAL32;SUC1;SUC2;SUC3;SUC4;SUC5;SUC7
four-way junction DNA binding,CCE1;DNA2;ESC2;HMO1;HOP1;MPH1;MRS1;MSH2;MSH4;MSH5;MSH6;RAD5;RAD55;RMI1
ribosomal large subunit binding,AAT2;BUD20;NMD3;OLA1;RKR1;RQC2;RRF1;TIF6
ubiquitin-like protein conjugating enzyme activity,BRE1;CDC34;MMS2;PEX4;RAD6;UBC1;UBC11;UBC12;UBC13;UBC4;UBC5;UBC6;UBC7;UBC8;UBC9
solute:proton symporter activity,CIN10;DAL4;GAL2;HXT1;HXT10;HXT11;HXT13;HXT14;HXT15;HXT16;HXT17;HXT2;HXT3;HXT4;HXT5;HXT6;HXT7;HXT8;HXT9;ITR1;ITR2;JEN1;MAL11;MAL31;MPH2;MPH3;PHO84;RGT2;SMF1;SNF3;STL1;UGA4;YDL199C;YFL040W
monoatomic ion channel activity,ATP1;ATP14;ATP15;ATP16;ATP17;ATP18;ATP19;ATP2;ATP20;ATP3;ATP4;ATP5;ATP6;ATP7;ATP8;CCH1;CSC1;CSG2;GEF1;IST2;MID1;OLI1;PHM7;POR1;POR2;RSN1;SPO75;TIM11;TOK1;VMA1;YCR023C;YVC1
phosphodiesterase decapping endonuclease activity,DDP1;RAI1
SUMO binding,NIS1;POL2;SLX5;ULS1;WSS1;ZIP1
purine nucleotide-sugar transmembrane transporter activity,HVG1;VRG4
triglyceride lipase activity,ATG15;AYR1;IMO32;LDH1;LIH1;LPX1;MGL2;TGL2;TGL3;TGL4;TGL5;YJR098C;YPR147C
metallopeptidase activity,AAP1;AFG3;APE1;APE2;APE3;APE4;ARX1;ATP23;AXL1;COR1;CPS1;CYM1;DUG1;DUG2;ECM14;FRA1;ICP55;LAP2;MAP1;MAP2;MAS1;MAS2;OCT1;OMA1;PFF1;PRD1;PRP8;QCR2;RCE1;RPN11;RPN8;RRI1;STE23;STE24;TMA108;TRE2;VPS70;WSS1;YDR415C;YFR006W;YIL108W;YME1;YOL057W;YOL153C;YTA12;ZPS1
O-methyltransferase activity,COQ3;MRM2;PPM1;SPB1;STE14;TRM13;TRM3;TRM44;TRM7
DNA helicase activity,CHL1;DBP9;DNA2;ECM32;HCS1;HFM1;HMI1;HRQ1;INO80;IRC3;MCM2;MCM3;MCM4;MCM5;MCM6;MCM7;MGS1;MPH1;PIF1;RAD18;RAD3;RAD5;RAD6;RFA1;RRM3;RVB1;RVB2;SEN1;SGS1;SRS2;SSL2;YKU70;YKU80;YPR204W;YRF1-1;YRF1-2;YRF1-3;YRF1-4;YRF1-5;YRF1-6;YRF1-7
histone H3 acetyltransferase activity,EAF6;GCN5;NTO1;PDP3;RTT109;SAS3;TAF14;YNG1
very long-chain fatty acid-CoA ligase activity,FAA2;FAA3;FAT1
monoatomic cation channel activity,ATP1;ATP14;ATP15;ATP16;ATP17;ATP18;ATP19;ATP2;ATP20;ATP3;ATP4;ATP5;ATP6;ATP7;ATP8;CCH1;CSC1;CSG2;MID1;OLI1;PHM7;RSN1;SPO75;TIM11;TOK1;VMA1;YVC1
lysophospholipid acyltransferase activity,ALE1;CLD1;ECM18;ICT1;LOA1;SLC1;TGL3;TGL4;TGL5
cyclin binding,CDC23;CDC28;CDH1;CTK1;IPA1;KDX1;MCK1;NAP1;SSN2
O-acetylhomoserine aminocarboxypropyltransferase activity,HSU1;MET17
ubiquitin-like protein peptidase activity,ADA2;BRO1;CHD1;DOA4;GCN5;HFI1;MIY2;NGG1;OTU1;OTU2;RPN11;RRI1;SGF11;SGF29;SGF73;SPT20;SPT3;SPT7;SPT8;SUS1;TAF10;TAF12;TAF5;TAF6;TAF9;TRA1;UBP1;UBP10;UBP11;UBP12;UBP13;UBP14;UBP15;UBP16;UBP2;UBP3;UBP5;UBP6;UBP7;UBP8;UBP9;ULP1;ULP2;YGL082W;YUH1
DNA insertion or deletion binding,MLH2;MSH1;MSH2;MSH3;MSH6;NHP10;PMS1
phosphatidylcholine flippase activity,DNF1;DNF3;DRS2;LEM3
clathrin adaptor activity,APL3;APL4;APM1;APM2;APM4;APS1;SLA2
transcription regulatory region RNA binding,NAB3;NRD1
chromatin DNA binding,CHD1;CYC8;DPB4;GON7;HHO1;KAE1;MLP1;NPL6;PCC1;RAP1;RED1;SNF2;SWP82;TBF1
metallocarboxypeptidase activity,CPS1;ECM14;YOL153C
"oxidoreductase activity, acting on the aldehyde or oxo group of donors, NAD or NADP as acceptor",ALD2;ALD3;ALD4;ALD5;ALD6;ARG56;FDH1;FDH2;HFD1;HOM2;LAT1;LPD1;LYS2;MSC7;OSI1;PDA1;PDB1;PDX1;PRO2;PUT2;TDH1;TDH2;TDH3;UGA2;YDR541C;YGL039W;YKL107W;YLL056C;YNL134C;YPL276W
dihydrosphingosine-1-phosphate phosphatase activity,LCB3;YSR3
GTPase inhibitor activity,ERI1;ROY1
RNA polymerase II-specific DNA-binding transcription factor binding,ADR1;BMH1;CBF1;CTR9;CUP9;FKH2;GAL11;GAL4;GAL80;GCN4;GCR2;GRX3;GRX4;HAP4;LEO1;MCM1;MED2;MET28;MET32;MOT3;NRG1;PGD1;RAP1;RGR1;RPA12;RTG3;SFL1;SIN4;SKO1;SNF2;SNF5;SPN1;SPT15;SRB7;SUT1;SWI1;TAF12;TAF4;TAF6;THI3;WHI5
benzil reductase [(S)-benzoin-forming] activity,IRC24;NRE1
RNA polymerase II complex binding,CDC28;CDC73;CTR9;DST1;ELF1;ESS1;LEO1;NPL3;PAF1;PCF11;PDP3;RTF1;RTT103;SPN1;SPT4;SPT5;SRB4;SUA7;TFA1;TFA2;TFB3;TFB5;TFG2
AMP binding,ACS1;ACS2;APT1;APT2;PFK1;PFK2;SNF4
N-terminal protein N-methyltransferase activity,NNT1;TAE1
demethylase activity,ECM5;ERG11;GIS1;JHD1;JHD2;RPH1
peroxisome matrix targeting signal-1 binding,PEX5;PEX9
general transcription initiation factor activity,BDP1;BRF1;BUR6;HOT1;NCB2;RRN10;RRN11;RRN3;RRN5;RRN9;SPT15;SUA7;TAF1;TAF10;TAF13;TAF14;TAF2;TAF4;TAF5;TAF6;TAF7;TAF8;TAF9;TFB4;TFC6;TFC7;TFG1;TOA2;UAF30
7S RNA binding,NAB2;RPF2;SEC65;SRP14;SRP54;SRP68;SRP72
racemase and epimerase activity,DCG1;GAL10;NNR1;RPE1;SRY1;YHR210C;YMR099C;YNR071C
D-erythro-sphingosine kinase activity,LCB4;LCB5;TIM54
carboxypeptidase activity,ATG42;CPS1;ECM14;KEX1;MIY2;PRC1;TRE1;TRE2;VPS70;YGL082W;YOL153C
Hsp70 protein binding,APJ1;CNS1;SCJ1;STI1;XDJ1;YDJ1;ZUO1
branched-chain-2-oxoacid decarboxylase activity,ARO10;PDC1;PDC5;PDC6;THI3
phospholipase activity,ATG15;CLD1;DDL1;ECM18;FMP30;FSH1;ICT1;ISC1;LPL1;NTE1;PGC1;PLB1;PLB2;PLB3;PLC1;SPO1;SPO14;TGL4;YJL132W
MCM complex binding,MCM3;MCM7
diphosphotransferase activity,FOL1;PRS1;PRS2;PRS3;PRS4;PRS5;THI80
symporter activity,CIN10;DAL4;ERS1;ESBP6;FUR4;GAL2;GUP2;HXT1;HXT10;HXT11;HXT13;HXT14;HXT15;HXT16;HXT17;HXT2;HXT3;HXT4;HXT5;HXT6;HXT7;HXT8;HXT9;ITR1;ITR2;JEN1;MAL11;MAL31;MCH2;MCH4;MPH2;MPH3;PHO84;PHO89;RGT2;SMF1;SNF3;STL1;UGA4;VHC1;VHT1;YDL199C;YFL040W
RNA polymerase II CTD heptapeptide repeat phosphatase activity,FCP1;RTR1;RTR2;SSU72
pyrimidine nucleotide-sugar transmembrane transporter activity,HUT1;YEA4
COPII receptor activity,ERV29;SVP26
DNA polymerase processivity factor activity,DPB2;DPB3;DPB4;POL30
general transcription initiation factor binding,ADR1;BDF1;BDF2;BDP1;BRF1;BUR6;GAL11;MED11;MED8;MOT1;NCB2;RAP1;RGR1;RRN11;RRN3;RRN6;RRN7;RRN9;SPT15;SPT5;SPT8;SRB2;SUA7;TAF1;TAF12;TFA1;TFA2;TFG1;TOA1;TOA2
guanylyltransferase activity,CEG1;PSA1;THG1
ribonuclease P RNA binding,NAB2;POP4;POP5
aconitate hydratase activity,ACO1;ACO2
"2',3'-cyclic-nucleotide 3'-phosphodiesterase activity",CPD1;TRL1
ubiquitin-like protein conjugating enzyme binding,CUE5;DCN1;DON1;HEL1;IPA1;ITT1
peptidase inhibitor activity,PAI3;PBI2;RFU1;TFS1;YHR138C;YLR179C
aryl-alcohol dehydrogenase (NADP+) activity,AAD10;AAD14;AAD15;AAD3;AAD4;AAD6;YPL088W
"oxidoreductase activity, acting on a sulfur group of donors, NAD(P) as acceptor",GLR1;GRX6;GRX7;GRX8;IRC15;KGD1;KGD2;KGD4;LPD1;MET10;MET5;TRR1;TRR2
structural constituent of cell wall,ANS1;CCW12;CCW14;CIS3;CWP1;CWP2;DAN1;DAN4;HSP150;KRE1;NCW2;PAU1;PAU10;PAU11;PAU12;PAU13;PAU14;PAU15;PAU16;PAU17;PAU18;PAU19;PAU2;PAU20;PAU21;PAU22;PAU23;PAU24;PAU3;PAU4;PAU5;PAU6;PAU8;PAU9;PIR1;PIR3;PIR5;SED1;SPI1;TIP1;TIR1;TIR2;TIR3;TIR4
cyclic nucleotide-dependent protein kinase activity,BCY1;GPB1;GPB2;TPK1;TPK2;TPK3
C-acetyltransferase activity,EAT1;ERG10
3'-5' DNA helicase activity,HMI1;HRQ1;INO80;MCM2;MCM4;MCM5;MCM6;MCM7;MPH1;RVB1;RVB2;SGS1;SRS2;SSL2
MAP kinase phosphatase activity,MSG5;PTC1;PTC2;SDP1
syntaxin binding,SEC1;SEC17;SEC9;SLY1;SNC1;SNC2;SPO20;SRO7;SRO77;VPS52;VPS54
"phosphotransferase activity, carboxyl group as acceptor",ARG56;HOM3;HOM6;PGK1;PRO1;YHR033W
cell adhesion molecule binding,AGA1;AGA2;SAG1;ZPS1
"oxidoreductase activity, acting on CH or CH2 groups, disulfide as acceptor",DIF1;HUG1;RNR1;RNR2;RNR3;RNR4;SML1
D-xylulose reductase activity,SOR1;SOR2;XDH1;XYL2
mitogen-activated protein kinase binding,CMD1;ISC10;SKO1
succinate transmembrane transporter activity,DIC1;SFC1
small ribosomal subunit rRNA binding,FUN12;MRP17;NOB1;RPS13;RPS14B;RPS2;RSM18;SDO1;SNR4;SNR45;UTP23
delta(3)-delta(2)-enoyl-CoA isomerase activity,DCI1;ECI1
purine nucleotide transmembrane transporter activity,AAC1;AAC3;ANT1;GGC1;LEU5;MRX21;ODC1;ODC2;PET9;SAL1;YBR219C;YBR220C;YEA6;YIA6
carboxylic acid binding,ARG3;GCV2;GCV3;POX1;PRY1;SHM1;SHM2;TPA1;URA2;VSB1
thiolester hydrolase activity,ACH1;ATF1;EAT1;EHD3;FAS1;GLO2;GLO4;TES1;TML25;YJL068C;YNL320W
pre-mRNA intronic binding,NAM2;PET54;PRP8
oligosaccharide transmembrane transporter activity,MAL11;MAL21;MAL41;MAL61;MPH2;MPH3
"transferase activity, transferring sulphur-containing groups",ACH1;BIO2;ISD11;LIP5;NCS2;NFS1;RDL1;RDL2;SLM3;TUM1;UBA4;YCH1
RNA polymerase III type 1 promoter sequence-specific DNA binding,PZF1;TFC1;TFC3;TFC4;TFC6;TFC7;TFC8
sphingosine hydroxylase activity,SCS7;SUR2
secondary active monocarboxylate transmembrane transporter activity,JEN1;UGA4;YIA6
peptide transmembrane transporter activity,DAL5;MDL1;MDL2;OPT1;OPT2;PTR2;SEC61;STE6;YGL114W
DNA end binding,NEJ1;NHP10;SPO11
amino acid kinase activity,HOM3;HOM6;PRO1;THR1;YHR033W
rRNA pseudouridylation guide activity,SNR10;SNR11;SNR161;SNR189;SNR191;SNR3;SNR31;SNR32;SNR33;SNR34;SNR35;SNR36;SNR37;SNR42;SNR43;SNR44;SNR46;SNR49;SNR5;SNR8;SNR80;SNR81;SNR82;SNR83;SNR84;SNR85;SNR86;SNR9
MAP-kinase scaffold activity,AHK1;PBS2;SHO1;SPA2;SPH1;STE5
phosphatidylinositol-5-phosphate binding,CCZ1;CDC10;CDC11;CDC12;CDC3;HSV2;MON1;OSH6;RGD1;TFB1
sulfur amino acid transmembrane transporter activity,ERS1;MUP1;MUP3;YCT1
protein heterodimerization activity,BUR6;CSE4;DLS1;DPB3;DPB4;HAP3;HAP5;HHF1;HHF2;HHT1;HHT2;HTA1;HTA2;HTB1;HTB2;HTZ1;MHF1;MHF2;NCB2;SPT3;SPT7;TAF11;TAF12;TAF13;TAF3;TAF6;TAF9;TRM112
succinate dehydrogenase activity,FRD1;OSM1;SDH1;SDH2;SDH3;SDH4;SDH9;SHH3;SHH4;TIM18
succinate dehydrogenase (ubiquinone) activity,SDH1;SDH2;SDH3;SDH4;SDH9;SHH3;SHH4;TIM18
FAD transmembrane transporter activity,FLC1;FLC2;FLC3;FLX1
oxo-acid-lyase activity,ABZ2;HIS7;ICL1;ICL2;TRP2;TRP3;TYW1;YER010C
ubiquitin-ubiquitin ligase activity,BSC5;BUL1;BUL2;HUL5;RSP5;UFD2
protein domain specific binding,ATG13;ATP12;NRD1;PAM16;RPT4;RPT6;SCS2;SCS22;SEN1;SRB2;STE11;STE50
dinucleotide insertion or deletion binding,MSH1;PMS1
poly(U) RNA binding,MIP6;MPP6;PAB1;PES4;PUB1;RRP5;SMX3
galactose transmembrane transporter activity,GAL2;HXT1;HXT10;HXT11;HXT14;HXT9
protein serine/threonine kinase activator activity,BUR2;CKS1;CTK2;DBF4;DNA2;HYM1;LST8;SNF4;TFB3
myosin II binding,BNI5;HOF1;IQG1;MLC1;MLC2;MYO1;SRO7;SRO77
DNA endonuclease activity,CCE1;DIN7;DNA2;ESC2;EXO1;MKT1;MMS4;MRE11;MRS1;MUS81;NUC1;RAD1;RAD10;RAD2;RAD27;RAD55;RFA1;SAE2;SLX1;SLX4;TRM2;YEN1
"adenosine 3',5'-bisphosphate transmembrane transporter activity",LEU5;YBR219C;YBR220C
isocitrate dehydrogenase (NAD+) activity,IDH1;IDH2;LYS12
"alpha-1,6-mannosyltransferase activity",ALG12;ALG2;ANP1;GPI18;HOC1;MNN10;MNN11;MNN9;OCH1;VAN1
dynein intermediate chain binding,DYN1;DYN2
phosphatidylinositol N-acetylglucosaminyltransferase activity,GPI1;GPI15;GPI19;GPI2;SPT14
phosphatidylcholine floppase activity,DNF1;DNF2;DNF3
RNA polymerase I core binding,RRN3;SPT5
"sequence-specific DNA binding, bending",ABF1;MCM1
alcohol dehydrogenase [NAD(P)+] activity,ADH1;ADH2;ADH3;ADH4;ADH5;GRE2;OSI1;SFA1;YIM1
molecular carrier activity,ACP1;ATX1;CCS1;CFD1;COX17;COX18;CRM1;CSE1;GET1;GET2;KAP104;KAP114;KAP120;KAP122;KAP123;KAP95;MSN5;NBP35;NMD5;NTF2;OPI10;OXA1;PEX5;PSE1;RTT105;SCO1;SCO2;SPT2;SRP1;SWC3;SXM1;VPS72;YFH1;ZNG1
ATP-dependent H2AZ histone chaperone activity,SWC3;VPS72
endopeptidase inhibitor activity,PAI3;PBI2;RFU1;TFS1;YHR138C
calcium-dependent protein serine/threonine phosphatase regulator activity,CNB1;RCN1
serine hydrolase activity,ATG42;DAP2;EHT1;IMP1;IMP2;KEX1;KEX2;LDH1;NMA111;PBI2;PCP1;PIM1;PRB1;PRC1;RBD2;RRT12;SEC11;SSY5;STE13;TFS1;YJU3;YSP3
"oxidoreductase activity, acting on iron-sulfur proteins as donors",ARH1;KTI11
nucleoside transmembrane transporter activity,FCY2;FUI1;FUN26;NRT1
dolichyl-diphosphooligosaccharide-protein glycotransferase activity,OST3;STT3
rRNA primary transcript binding,BRX1;IMP4;MRD1;PNO1;POL5;POP4;POP6;RLP7;RMP1;RPF1;RRP5;RRP6;SDO1;SNM1;SNR30;SNR4
carbon-carbon lyase activity,ABZ2;ADE2;ARO10;CAB3;DPL1;FBA1;FDC1;FOL1;GAD1;GLY1;HEM12;HIS7;ICL1;ICL2;MAE1;MVD1;OAZ1;PAD1;PCK1;PDC1;PDC5;PDC6;PHR1;PSD1;PSD2;PXP1;RIB3;SIS2;SPE1;SPE2;THI3;TRP2;TRP3;TYW1;URA3;VHS3;YER010C;YMR027W
D-lactate dehydrogenase (cytochrome) activity,DLD1;DLD2;DLD3
calmodulin-dependent protein phosphatase activity,CMP2;CNA1
thioredoxin peroxidase activity,AHP1;DOT5;PRX1;TSA1;TSA2
glycolipid mannosyltransferase activity,ALG11;ALG2;GPI14;GPI18;OCH1
signaling adaptor activity,AHK1;MTC5;NUD1;PBS2;SHO1;SPA2;SPH1;STE4;STE5
nicotinamide riboside transmembrane transporter activity,FUN26;NRT1
phosphatidylinositol-3-phosphate binding,ARC1;ATG18;ATG2;ATG20;ATG21;ATG27;BEM1;BEM3;CCZ1;CDC33;EGD2;ENT3;FAB1;HSV2;MDM1;MON1;MSS4;MVP1;NVJ3;PEP7;PIB1;PIB2;PMP3;RGD1;SNX3;SNX4;SNX41;SPO14;TFB1;VAM7;VPS17;VPS27;VPS36;VPS5;VPS501;YPT35
diaminohydroxyphosphoribosylaminopyrimidine deaminase activity,FCY1;RIB2
peroxisome targeting sequence binding,PEX19;PEX5;PEX7;PEX9
cupric reductase activity,HHT1;HHT2
ATPase inhibitor activity,DMC1;ECM29;INH1;IST1;KRE29;NSE5;STF1;STI1;YRA1
aldo-keto reductase (NADP) activity,ADH6;ADH7;ARA1;GCY1;GRE2;GRE3;YDL124W;YJR096W;YPR1;YPR127W
ribonucleoside-diphosphate reductase inhibitor activity,DIF1;HUG1;SML1
phospholipase D activity,SPO14;YJL132W
nucleotide transmembrane transporter activity,AAC1;AAC3;ANT1;FLC1;FLC2;FLC3;FLX1;GGC1;LEU5;MRX21;ODC1;ODC2;PET9;RIM2;SAL1;YBR219C;YBR220C;YEA6;YIA6
core promoter sequence-specific DNA binding,BDF1;BDF2;BUR6;CAM1;IXR1;MED4;NCB2;PGD1;RIF1;RRN11;RRN7;SPT15;SRB4;SRB5;SSN8
MAP kinase kinase activity,MKK1;MKK2;MPS1;PBS2;STE7
DNA topoisomerase activity,RDH54;SPO11;TOP1;TOP2;TOP3
RNA polymerase II activity,RPB10;RPB11;RPB2;RPB3;RPB5;RPB8;RPC10;RPO21;RPO26
DNA clamp loader activity,CTF18;RAD24;RFC1;RFC2;RFC3;RFC4;RFC5
ATPase-coupled monoatomic cation transmembrane transporter activity,ATP2;ATP3;ATP4;CCC2;ENA1;ENA2;ENA5;PCA1;PMA1;PMA2;PMC1;PMR1;SPF1;STV1;VMA1;VMA10;VMA11;VMA13;VMA16;VMA2;VMA3;VMA4;VMA5;VMA6;VMA7;VMA8;VMA9;VPH1;YCF1;YOR1;YPK9
endopeptidase activator activity,PRE1;PUP3
microtubule binding,ALF1;ASE1;ASK1;BIK1;BIM1;CDC31;CIK1;CIN8;CRN1;DAD1;DAD2;DAD3;DAD4;DAM1;DNM1;DUO1;ELP2;FIN1;HSK3;IRC15;KAR3;KIP1;KIP2;KIP3;MGM1;NDC80;NDL1;NIP100;NUF2;PAC1;SHE1;SMY1;SPC105;SPC19;SPC24;SPC34;SPC72;SPC97;SPC98;STU1;STU2;VIK1;VPS1
G-protein alpha-subunit binding,ASC1;SCP160;STE4
intramolecular oxidoreductase activity,DCI1;ECI1;EPS1;ERG2;ERG20;EUG1;HIS6;IDI1;MIA40;MPD1;MPD2;MRI1;PDI1;PGI1;PMI40;RKI1;TPI1;TRP1;UTR4
molecular transducer activity,GPR1;HKR1;IZH1;IZH2;IZH3;IZH4;MF(ALPHA)1;MF(ALPHA)2;MFA1;MFA2;MID2;MSB2;SHO1;SKN7;SLG1;SLN1;SSK1;STE2;STE3;WSC2;WSC3;YPD1
microfilament motor activity,MYO1;MYO2;MYO3;MYO4;MYO5
secondary active sulfate transmembrane transporter activity,SUL1;SUL2;YPR003C
double-stranded RNA binding,HNT3;LRP1;MRPL3;RNT1;SUA5;TIF11;TIF3
mediator complex binding,SWI5;TUP1
signal sequence binding,ACL4;ERD2;ETP1;KAP104;KAP120;KAP123;KAP95;MRL1;MTR10;NSR1;NUP1;NUP100;NUP116;NUP145;NUP49;PEP1;PEX19;PEX5;PEX7;PEX9;PSE1;SEC24;SEC61;SFB2;SFB3;SRP1;SRP14;SRP54;SRP68;SSH1;TIM22;TIM23;TIM50;TOM20;TOM70;TOM71;VTH1;VTH2
D-serine ammonia-lyase activity,DSD1;SRY1
RNA polymerase III core binding,BRF1;MAF1
histone H3K36 demethylase activity,GIS1;JHD1;RPH1
carbon-nitrogen lyase activity,ADE13;ARG4;CHA1;DAL3;DSD1;GCG1;ILV1;SDL1;SNO1;SNO2;SNO3;SNZ1;SNZ2;SNZ3;SRY1
3'-tyrosyl-DNA phosphodiesterase activity,APN1;TDP1
endopeptidase regulator activity,PAI3;PBI2;PRE1;PUP3;RFU1;TFS1;YHR138C
flap endonuclease activity,DIN7;DNA2;EXO1;MUS81;RAD27;SLX1;SLX4;YEN1
quaternary ammonium group transmembrane transporter activity,CRC1;HNM1;TPC1
phosphorelay response regulator activity,SKN7;SSK1
"inositol-5-diphosphate-1,2,3,4,6-pentakisphosphate diphosphatase activity",SIW14;VIP1
oxoglutarate dehydrogenase (succinyl-transferring) activity,IRC15;KGD1;KGD2;KGD4;LPD1
nucleotidase activity,ISN1;KAE1;MET22;PHM8;QRI7;SDT1;SMN1;YBR242W;YGK1;YKL033W-A
adenylate cyclase activity,CYR1;RAS1
"oxidoreductase activity, acting on a heme group of donors",AI2;AI3;AI4;AI5_ALPHA;COX1;COX12;COX13;COX2;COX3;COX4;COX5A;COX5B;COX6;COX7;COX8;COX9
L-amino acid transmembrane transporter activity,AGC1;AGP1;AQR1;AVT1;AVT2;AVT3;AVT4;AVT5;AVT6;AVT7;CAN1;ERS1;GAP1;GNP1;HEM25;HIP1;MUP1;MUP3;ODC1;ODC2;ORT1;PUT4;QDR2;QDR3;TAT1;TAT2;TAT3;YMC1;YMC2
protein kinase activator activity,ATG17;BUR2;CAK1;CKS1;CTK2;DBF4;DDC1;DNA2;DPB11;HYM1;LST8;MOB1;MOB2;RPP1A;RPP1B;RPP2A;RPP2B;SLI15;SNF4;SSK1;SSP2;STD1;TFB3
spermidine synthase activity,SPE3;SPE4
ubiquitin protein ligase binding,ALY1;ALY2;APC2;ART10;ART5;CDC53;CSR2;CUL3;ECM21;LDB19;NPL4;RIM8;ROD1;ROG3;RPL40A;RPL40B;RPN2;RPS31;RPT1;RPT4;RPT6;RTT101;RUB1;SNA3;UBC4;UBC5;UBI4;YDR131C
3'-5'-DNA exonuclease activity,APN1;APN2;DPB3;DPB4;MRE11;POL2;POL3;POL31;POL32;YBL055C
acetate transmembrane transporter activity,ADY2;ATO2;ATO3
"oxidoreductase activity, acting on single donors with incorporation of molecular oxygen",ADI1;BNA1;BNA2;MPO1;YJR149W
inositol phosphoceramide synthase activity,AUR1;IPT1;KEI1
water transmembrane transporter activity,AQY1;AQY2;AQY3;FPS1;YLL053C
double-stranded DNA exodeoxyribonuclease activity,APN1;APN2;TRM2;YEN1
"ligase activity, forming carbon-sulfur bonds",ACS1;ACS2;AOS1;ATG7;BIO1;BIO7;FAA1;FAA2;FAA3;FAA4;FAT1;LSC1;LSC2;PCS60;TCD1;TCD2;UBA1;UBA2;UBA3;UBA4;ULA1
tRNA (cytidine) methyltransferase activity,ABP140;NCL1;TRM7
four-way junction helicase activity,MCM4;MCM6;MCM7;MPH1;RAD5;SGS1
phosphatidylinositol bisphosphate phosphatase activity,FIG4;INP51;INP52;INP53;INP54;SAC1
translation elongation factor activity,ANB1;CAM1;EFB1;EFT1;EFT2;HBS1;HEF3;HYP2;MEF1;SKI7;SNU114;TEF1;TEF2;TEF4;TUF1;YEF3
aspartate kinase activity,HOM3;HOM6
mRNA 3'-UTR binding,HEK2;ISW1;JSN1;MIP6;MKT1;MRN1;NAB6;PAB1;PES4;PHO92;PUF2;PUF3;PUF6;RMD9;SSD1;ZTA1
peptide alpha-N-acetyltransferase activity,ARD1;MAK10;MAK3;MAK31;MDM20;NAT1;NAT3;NAT4;NAT5;YIR042C
glutathione binding,GSH2;GTT2
cargo adaptor activity,APL3;APL4;APM1;APM2;APM4;APS1;COG3;SLA1;SLA2;VPS29;VPS35;VPS5
"DNA-binding transcription repressor activity, RNA polymerase II-specific",ASH1;BUR6;CBF1;ERT1;FKH1;GIS1;HMLALPHA2;LEU3;MATALPHA2;MCM1;MIG1;MIG2;MIG3;NCB2;NRG1;RIM101;ROX1;RPH1;SKO1;SUM1;UME6
ubiquitin conjugating enzyme activity,BRE1;CDC34;MMS2;PEX4;RAD6;UBC1;UBC11;UBC13;UBC4;UBC5;UBC6;UBC7;UBC8
histone H3 methyltransferase activity,BRE2;DOT1;SDC1;SET1;SET2;SHG1;SPP1;SWD1;SWD2;SWD3
glutaminase activity,HIS7;QNS1;SNO1;SNO2;SNO3;SNZ1
aromatic amino acid transmembrane transporter activity,AVT1;AVT3;AVT4;AVT5;AVT6;AVT7;HIP1;TAT1;TAT2;TAT3
pre-mRNA 5'-splice site binding,LSR1;PRP39;PRP42;RPL30;SNR19;SNR7-L;SNR7-S;YHC1
ubiquitin-like modifier activating enzyme activity,AOS1;ATG7;TCD1;TCD2;UBA1;UBA2;UBA3;UBA4;ULA1
aldehyde-lyase activity,DPL1;FBA1;FOL1;GLY1;YMR027W
serine-type peptidase activity,ATG42;DAP2;IMP1;IMP2;KEX1;KEX2;NMA111;PBI2;PCP1;PIM1;PRB1;PRC1;RBD2;RRT12;SEC11;SSY5;STE13;TFS1;YSP3
ligand-gated monoatomic cation channel activity,CSC1;CSG2;PHM7;RSN1;SPO75;YVC1
"exonuclease activity, active with either ribo- or deoxyribonucleic acids and producing 5'-phosphomonoesters",APN1;APN2;CCR4;CSL4;DIN7;DIS3;DPB3;DPB4;DSS1;DXO1;EXO1;EXO5;HNT3;LAS1;LRP1;MRE11;MTR3;NGL1;NGL2;NGL3;NOP53;PAN2;POL2;POL3;POL31;POL32;POP2;PSO2;RAT1;REX2;REX3;RNH70;RRP17;RRP4;RRP40;RRP42;RRP43;RRP45;RRP46;RRP6;SKI6;SSD1;SUV3;TRM2;USB1;XRN1;YBL055C;YEN1;YSH1
phosphatase activator activity,NET1;PSY2;RRD1;RRD2;SDS22;TFG1;TOF2;YPI1
2-oxoglutarate-dependent dioxygenase activity,GIS1;JHD1;JHD2;JLP1;RPH1;TPA1;YJR154W
rRNA (adenine) methyltransferase activity,BMT2;DIM1;RRP8
protein-arginine omega-N symmetric methyltransferase activity,HSL7;YKL162C
"DNA exonuclease activity, producing 5'-phosphomonoesters",APN1;APN2;DIN7;DPB3;DPB4;EXO1;EXO5;HNT3;MRE11;POL2;POL3;POL31;POL32;PSO2;TRM2;YBL055C;YEN1
acylglycerol lipase activity,EEB1;EHT1;LDH1;LPL1;MGL2;ROG1;YDL109C;YDR444W;YJU3
protein tyrosine kinase activity,BCK1;HRR25;KNS1;MCK1;MKK1;MKK2;MPS1;PBS2;RAD53;STE7;SWE1;YAK1
sterol esterase activity,TGL1;TGL4;YEH1;YEH2
quinone binding,COQ10;OAR1;POR1;SDH3;SDH4;SHH3;SHH4
"oxidoreductase activity, acting on metal ions, oxygen as acceptor",FET3;FET5;FTH1;FTR1;GMC1;YFH1
antioxidant activity,AHP1;CCP1;CTA1;CTT1;CUP1-1;CUP1-2;DOT5;ECM4;GLR1;GPX1;GPX2;GRX1;GRX2;GRX6;GRX7;GRX8;GTO1;GTT1;HYR1;MRP1;PRX1;PXP2;RSM26;SOD1;SOD2;SRX1;TRR1;TRR2;TSA1;TSA2;URE2
actin monomer binding,PFY1;TWF1;YIH1
RNA polymerase I cis-regulatory region sequence-specific DNA binding,RRN10;TRI1;UAF30
acetyl-CoA C-acyltransferase activity,ERG10;POT1
iron ion binding,ADI1;BNA1;DIT2;ERG11;ERG25;ERG3;ERG5;FET3;FTH1;FTR1;GLT1;GMC1;GRX6;ISA1;ISA2;ISU1;ISU2;JJJ3;KTI11;NBP35;NFU1;OLE1;RLI1;SCS7;SUR2;THI4;TPA1;TRR1;YFH1
G-protein beta-subunit binding,GPA1;RHO1;STE18;STE5
tRNA methyltransferase activity,ABP140;GCD10;GCD14;NCL1;PPM2;TRM1;TRM10;TRM11;TRM112;TRM12;TRM13;TRM2;TRM3;TRM44;TRM5;TRM7;TRM8;TRM82;TRM9;TYW3
peptidyl-prolyl cis-trans isomerase activity,CPR1;CPR2;CPR3;CPR4;CPR5;CPR6;CPR7;CPR8;CWC27;ESS1;FPR1;FPR2;FPR3;FPR4;RRD1;RRD2
DNA ligase activity,CDC9;DNL4;NEJ1
"oxidoreductase activity, acting on superoxide radicals as acceptor",CUP1-1;CUP1-2;MRP1;RSM26;SOD1;SOD2
proteasome-activating activity,RPT1;RPT2;RPT3;RPT4;RPT5;RPT6
adenylate kinase activity,ADK1;ADK2;FAP7;MRE11;RAD50;URA6
palmitoyltransferase activity,AKR1;AKR2;ERF2;FAS1;LCB1;LCB2;ORM1;ORM2;PFA3;PFA4;PFA5;SAC1;SHR5;SWF1;TSC3;YAT1;YKT6
glucose transmembrane transporter activity,GAL2;HXT1;HXT10;HXT11;HXT13;HXT15;HXT16;HXT17;HXT2;HXT3;HXT4;HXT5;HXT6;HXT7;HXT8;HXT9
acetylglucosaminyltransferase activity,ALG13;ALG14;CHS1;CHS2;CHS3;GNT1;GPI1;GPI15;GPI19;GPI2;SPT14
protein homodimerization activity,GPD1;GPD2;MGE1;RVS167;TBF1;VPS25
Hsp90 protein binding,CNS1;SBA1;SHE4;STI1;TEL2
"hydrolase activity, acting on carbon-nitrogen (but not peptide) bonds, in linear amidines",CAR1;DAL2;DAL3
signaling receptor activity,GPR1;HKR1;IZH1;IZH2;IZH3;IZH4;MF(ALPHA)1;MF(ALPHA)2;MFA1;MFA2;MID2;MSB2;SHO1;SLG1;SLN1;STE2;STE3;WSC2;WSC3
passive transmembrane transporter activity,ADY2;AMF1;AQY1;AQY2;AQY3;ASK10;ATO2;ATO3;ATP1;ATP14;ATP15;ATP16;ATP17;ATP18;ATP19;ATP2;ATP20;ATP3;ATP4;ATP5;ATP6;ATP7;ATP8;CCH1;CSC1;CSG2;FPS1;GEF1;IST2;MEP1;MEP2;MEP3;MEX67;MID1;OLI1;PHM7;POR1;POR2;RGC1;RSN1;SPO75;TIM11;TOK1;TOM40;VMA1;YCR023C;YLL053C;YVC1
spermine transmembrane transporter activity,TPO1;TPO2;TPO3;TPO4
isocitrate dehydrogenase [NAD(P)+] activity,IDH1;IDH2;IDP1;IDP2;IDP3;LYS12
phosphatidic acid binding,CHM7;EGD2;KES1;MGM1;OPI1;OSH6;PMP3;SEC18;SPO20;SSO1;SSO2
peptide binding,AAP1;ACL4;APE2;CPR1;CPR2;CPR3;CPR4;CPR5;CPR6;CPR7;CPR8;ERD2;ETP1;KAP104;KAP120;KAP123;KAP95;MRL1;MTR10;NSR1;NUP1;NUP100;NUP116;NUP145;NUP49;PEP1;PEX19;PEX5;PEX7;PEX9;PSE1;SEC24;SEC61;SFB2;SFB3;SRP1;SRP14;SRP54;SRP68;SSE1;SSH1;TIM22;TIM23;TIM50;TMA108;TOM20;TOM70;TOM71;VTH1;VTH2
"3 iron, 4 sulfur cluster binding",GLT1;SDH2
RNA 7-methylguanosine cap binding,CDC33;DCS1;DCS2
profilin binding,BNI1;BNR1
O-acyltransferase activity,ALE1;ARE1;ARE2;ATF1;ATF2;AYT1;CAT2;DGA1;EEB1;EHT1;GPT2;GUP1;GUP2;GWT1;ICT1;LOA1;LRO1;MET2;SCT1;SLC1;TAZ1;YAT1;YAT2;YJL218W;YJR098C
asparagine synthase (glutamine-hydrolyzing) activity,ASN1;ASN2;YML096W
kinase binding,ASC1;ATG11;BCY1;BPH1;CDC37;CDC42;CKS1;CLG1;CMD1;CRP1;GAL83;ISC10;MCD1;MDG1;PCL1;PCL10;PCL2;PCL5;PCL6;PCL7;PCL8;PCL9;PHO80;RHO1;RHO2;RHO3;RHO4;RHO5;SIP1;SIP2;SKO1;SMC3;SNF4;SSK1;STE4;STE5;YPD1
sphingosine-1-phosphate phosphatase activity,CAX4;LCB3;YSR3
molecular tag activity,ATG12;ATG8;HUB1;RPL40A;RPL40B;RPS31;RUB1;SMT3;UBI4;URM1
monosaccharide binding,EMI2;EMP46;EMP47;FLO1;FLO10;FLO5;FLO9;GLK1;GNA1;GPR1;HXK1;HXK2;NGK1;PFK1;PFK2;PGI1;RGT2;SNF3;TPA1;UIP5
translation initiation factor binding,CAF20;DED1;EAP1;FUN12;GCD11;GCD6;GLE1;IMT1;IMT2;IMT3;IMT4;NIP1;NPL3;PRT1;RPB4;RPB7;SBP1;SCD6;SUI1;SUI3;TIF11;TIF4632;TIF5;XRN1;YNCC0008W
nucleoside triphosphate diphosphatase activity,DUT1;HAM1;NPP1;NPP2;PCD1;PHO5;YOR111W
calcium ion transmembrane transporter activity,CCH1;CSG2;GDT1;MID1;PMC1;PMR1;VCX1;VNX1;YVC1
modified amino acid transmembrane transporter activity,AVT5;AVT6;AVT7;CAN1;CRC1;ERS1;FEN2;FLX1;HNM1;MMP1
translation initiation factor activity,AIM23;CAF20;CDC33;DBP1;DED1;FUN12;GCD1;GCD11;GCD2;GCD6;GCD7;GCN3;HCR1;HYP2;IFM1;NIP1;PET122;PRT1;RLI1;RPG1;SUI1;SUI2;SUI3;TIF1;TIF11;TIF2;TIF3;TIF34;TIF35;TIF4631;TIF4632;TIF5;TIF6;TMA22;TMA64;YGR054W
adenyl-nucleotide exchange factor activity,FES1;LHS1;MGE1;NUP159;SIL1;SSE1;SSE2
cystathionine beta-lyase activity,IRC7;STR3;YHR112C
purine phosphoribosyltransferase activity,APT1;APT2;HPT1;XPT1
rRNA (uridine-2'-O-)-methyltransferase activity,MRM2;SPB1
protein tyrosine/serine/threonine phosphatase activity,CDC14;MSG5;OCA1;OCA2;OCA6;PPS1;SDP1;SIW14;TEP1;YVH1
structural constituent of chromatin,CSE4;HHF1;HHF2;HHO1;HHT1;HHT2;HTA1;HTA2;HTB1;HTB2;HTZ1;SNF12
U5 snRNA binding,CRM1;MEX67;PRP8;SNU114;SPT5
"2-polyprenyl-6-methoxy-1,4-benzoquinone methyltransferase activity",COQ3;COQ5
prenyltransferase activity,BET2;BET4;BTS1;CDC43;COQ1;COQ2;COX10;ECM9;ERG20;ERG9;MRS6;NUS1;PAD1;RAM1;RAM2;RER2;SRT1
"oxidoreductase activity, acting on a sulfur group of donors, quinone or similar compound as acceptor",ECM4;GTO1
L-proline transmembrane transporter activity,AGP1;GAP1;GNP1;PUT4
"ligase activity, forming carbon-carbon bonds",ACC1;DUR12;HFA1;PYC1;PYC2
small molecule sensor activity,DMC1;HKR1;MLH1;MLH2;MLH3;MSB2;MSH1;MSH2;MSH3;MSH4;MSH5;MSH6;PMS1;RAD51;RAD55;RAD57;SHO1;SLN1;YHL008C
protein C-terminal carboxyl O-methyltransferase activity,PPM1;STE14
beta-tubulin binding,CIN1;RBL2;STU1
DNA secondary structure binding,CCE1;DAT1;DNA2;ESC2;HMO1;HOP1;IRC3;MLH2;MPH1;MRS1;MSH2;MSH3;MSH4;MSH5;MSH6;NHP10;PMS1;RAD5;RAD55;RMI1;SMC1;SMC2;SPO16;SPT2;ZIP2
pseudouridine synthase activity,CBF5;DEG1;GAR1;NHP2;NOP10;PUS1;PUS2;PUS4;PUS5;PUS6;PUS7;PUS9;RIB2;SNR10;SNR11;SNR161;SNR189;SNR191;SNR3;SNR30;SNR31;SNR32;SNR33;SNR34;SNR35;SNR36;SNR37;SNR42;SNR43;SNR44;SNR46;SNR49;SNR5;SNR8;SNR80;SNR81;SNR82;SNR83;SNR84;SNR85;SNR86;SNR9
protein phosphatase 1 binding,CSS1;GAC1;GIP1;GIP2;GIP3;GIP4;PIG1;PIG2;SCD5;YPI1
cyclic-nucleotide phosphodiesterase activity,CPD1;PDE1;PDE2;TRL1
"phosphatidylinositol-4,5-bisphosphate 5-phosphatase activity",INP51;INP52;INP53;INP54
high-affinity potassium ion transmembrane transporter activity,TRK1;TRK2
